t,cuvslam_x,cuvslam_y,cuvslam_th_deg,cuvslam_straight,cuvslam_path,cuvslam_hz,wheels_x,wheels_y,wheels_th_deg,wheels_straight,wheels_path,wheels_hz,gyro_x,gyro_y,gyro_th_deg,gyro_straight,gyro_path,gyro_hz,FUSED_x,FUSED_y,FUSED_th_deg,FUSED_straight,FUSED_path,FUSED_hz,roll_deg,pitch_deg,landmarks,accel_x,accel_y,accel_z,gyro_x,gyro_y,gyro_z,velL,velR,tick_LF,tick_LR,tick_RF,tick_RR
0.27,0.00017,0.00025,-0.009,0.0003,0.0,0.0,0.0,0.0,0.0,0.0,0.0,0.0,0.0,0.0,0.0,0.0,0.0,0.0,0.0,0.0,0.0,0.0,0.0,0.0,,,99,0.1858,0.0808,9.7468,-0.00313,0.00067,0.00193,0.0,0.0,6184,6097,5946,5950
0.52,0.00022,0.00037,-0.012,0.00043,0.0,0.0,0.0,0.0,0.0,0.0,0.0,0.0,0.0,0.0,0.0,0.0,0.0,0.0,0.0,0.0,0.0,0.0,0.0,0.0,,,99,0.2433,0.0395,9.7181,-0.00073,-0.0012,-0.00766,0.0,0.0,6184,6097,5946,5950
0.77,0.00035,0.00037,-0.014,0.00051,0.0,0.0,0.0,0.0,0.0,0.0,0.0,0.0,0.0,0.0,0.0,0.0,0.0,0.0,0.0,0.0,0.0,0.0,0.0,0.0,,,99,0.1912,0.1724,9.7576,-0.00613,0.00246,0.00273,0.0,0.0,6184,6097,5946,5950
1.02,0.00041,0.00015,-0.003,0.00044,0.0,0.0,0.0,0.0,0.0,0.0,0.0,0.0,0.0,0.0,0.0,0.0,0.0,0.0,0.0,0.0,0.0,0.0,0.0,0.0,,,99,0.1706,0.0611,9.7728,-0.00566,0.00073,0.0034,0.0,0.0,6184,6097,5946,5950
1.271,0.00041,0.00015,-0.003,0.00044,0.0,29.99,0.0,0.0,0.0,0.0,0.0,21.99,0.0,0.0,0.0,0.0,0.0,200.93,0.0,0.0,0.0,0.0,0.0,0.0,,,165,0.1975,0.0575,9.7486,-0.00453,0.00246,0.00499,0.0,0.0,6184,6097,5946,5950
1.52,0.00041,0.00015,-0.003,0.00044,0.0,29.99,0.0,0.0,0.0,0.0,0.0,21.99,0.0,0.0,0.0,0.0,0.0,200.93,0.0,0.0,0.0,0.0,0.0,0.0,,,165,0.1715,0.1284,9.7621,-0.00293,0.00027,-0.00053,0.0,0.0,6184,6097,5946,5950
1.77,0.00041,0.00015,-0.003,0.00044,0.0,29.99,0.0,0.0,0.0,0.0,0.0,21.99,0.0,0.0,0.0,0.0,0.0,200.93,0.0,0.0,0.0,0.0,0.0,0.0,,,165,0.1697,0.0682,9.7208,-0.00513,-0.00426,0.00499,0.0,0.0,6184,6097,5946,5950
2.02,0.00041,0.00015,-0.003,0.00044,0.0,29.99,0.0,0.0,0.0,0.0,0.0,21.99,0.0,0.0,0.0,0.0,0.0,200.93,0.0,0.0,0.0,0.0,0.0,0.0,,,165,0.1876,0.088,9.7809,-0.0032,0.00033,0.00433,0.0,0.0,6184,6097,5946,5950
2.27,0.00041,0.00015,-0.003,0.00044,0.0,29.99,0.0,0.0,0.0,0.0,0.0,21.99,0.0,0.0,0.0,0.0,0.0,200.93,0.0,0.0,0.0,0.0,0.0,0.0,,,155,0.2218,0.0691,9.6983,-0.00393,-0.0016,0.00153,0.0,0.0,6184,6097,5946,5950
2.52,0.00041,0.00015,-0.003,0.00044,0.0,30.4,0.0,0.0,0.0,0.0,0.0,20.0,0.0,0.0,0.0,0.0,0.0,201.62,0.0,0.0,0.0,0.0,0.0,0.0,,,155,0.1526,0.0808,9.7396,-0.003,-0.001,0.0028,0.0,0.0,6184,6097,5946,5950
2.77,0.00041,0.00015,-0.003,0.00044,0.0,30.4,0.0,0.0,0.0,0.0,0.0,20.0,0.0,0.0,0.0,0.0,0.0,201.62,0.0,0.0,0.0,0.0,0.0,0.0,,,155,0.2397,0.0332,9.7594,-0.00166,-0.00173,-0.00073,0.0,0.0,6184,6097,5946,5950
3.02,0.00041,0.00015,-0.003,0.00044,0.0,30.4,0.0,0.0,0.0,0.0,0.0,20.0,0.0,0.0,0.0,0.0,0.0,201.62,0.0,0.0,0.0,0.0,0.0,0.0,,,155,0.2137,0.0377,9.7441,-0.00419,0.00107,0.0,0.0,0.0,6184,6097,5946,5950
3.27,0.00041,0.00015,-0.003,0.00044,0.0,30.4,0.0,0.0,0.0,0.0,0.0,20.0,0.0,0.0,0.0,0.0,0.0,201.62,0.0,0.0,0.0,0.0,0.0,0.0,,,151,0.1365,0.1329,9.745,0.00439,-0.0012,-0.00273,0.0,0.0,6184,6097,5946,5950
3.52,0.00041,0.00015,-0.003,0.00044,0.0,30.4,0.0,0.0,0.0,0.0,0.0,20.0,0.0,0.0,0.0,0.0,0.0,201.62,0.0,0.0,0.0,0.0,0.0,0.0,,,151,0.2469,0.0584,9.7432,-0.00313,-0.0028,-0.00173,0.0,0.0,6184,6097,5946,5950
3.771,0.00041,0.00015,-0.003,0.00044,0.0,29.58,0.0,0.0,0.0,0.0,0.0,19.99,0.0,0.0,0.0,0.0,0.0,199.06,0.0,0.0,0.0,0.0,0.0,0.0,,,151,0.1706,0.1383,9.7226,-0.00193,0.0,0.00633,0.0,0.0,6184,6097,5946,5950
4.021,0.00041,0.00015,-0.003,0.00044,0.0,29.58,0.0,0.0,0.0,0.0,0.0,19.99,0.0,0.0,0.0,0.0,0.0,199.06,0.0,0.0,0.0,0.0,0.0,0.0,,,151,0.1535,0.123,9.7405,-0.00373,-0.0026,0.00206,0.0,0.0,6184,6097,5946,5950
4.271,0.00041,0.00015,-0.003,0.00044,0.0,29.58,0.0,0.0,0.0,0.0,0.0,19.99,0.0,0.0,0.0,0.0,0.0,199.06,0.0,0.0,0.0,0.0,0.0,0.0,,,148,0.2334,0.1006,9.745,-0.00273,0.00113,0.00333,0.0,0.0,6184,6097,5946,5950
4.52,0.00041,0.00015,-0.003,0.00044,0.0,29.58,0.0,0.0,0.0,0.0,0.0,19.99,0.0,0.0,0.0,0.0,0.0,199.06,0.0,0.0,0.0,0.0,0.0,0.0,,,148,0.1966,0.1077,9.7728,-0.00479,-0.00166,-0.0012,0.0,0.0,6184,6097,5946,5950
4.771,0.00041,0.00015,-0.003,0.00044,0.0,29.58,0.0,0.0,0.0,0.0,0.0,19.99,0.0,0.0,0.0,0.0,0.0,199.06,0.0,0.0,0.0,0.0,0.0,0.0,,,148,0.1903,0.0476,9.7288,-0.00626,-0.00186,-0.00273,0.0,0.0,6184,6097,5946,5950
5.02,0.00041,0.00015,-0.003,0.00044,0.0,30.43,0.0,0.0,0.0,0.0,0.0,20.02,0.0,0.0,0.001,0.0,0.0,201.8,0.0,0.0,0.001,0.0,0.0,0.8,0.4,-1.064,148,0.1715,0.1275,9.7288,-0.00473,0.0,0.00093,0.0,0.0,6184,6097,5946,5950
5.271,0.00041,0.00015,-0.003,0.00044,0.0,30.43,0.0,0.0,0.0,0.0,0.0,20.02,0.0,0.0,-0.015,0.0,0.0,201.8,-0.0,-0.0,-0.013,0.0,0.0,0.8,0.406,-1.098,144,0.2119,0.0754,9.7315,-0.0026,-0.00226,0.00107,0.0,0.0,6184,6097,5946,5950
5.52,0.00033,0.00014,-0.006,0.00036,0.0,30.43,0.0,0.0,0.0,0.0,0.0,20.02,0.0,0.0,-0.016,0.0,0.0,201.8,-8e-05,-1e-05,-0.015,9e-05,0.0,0.8,0.422,-1.112,144,0.167,0.1275,9.7665,-0.00393,0.00233,0.00047,0.0,0.0,6184,6097,5946,5950
5.771,0.00033,0.00015,-0.009,0.00036,0.0,30.43,0.0,0.0,0.0,0.0,0.0,20.02,0.0,0.0,-0.016,0.0,0.0,201.8,-8e-05,-0.0,-0.018,8e-05,0.0,0.8,0.439,-1.131,144,0.2397,0.088,9.7836,0.00067,0.00146,-0.0022,0.0,0.0,6184,6097,5946,5950
6.02,0.0002,6e-05,-0.009,0.0002,0.0,30.43,0.0,0.0,0.0,0.0,0.0,20.02,0.0,0.0,-0.015,0.0,0.0,201.8,-0.00022,-9e-05,-0.015,0.00024,0.0,0.8,0.454,-1.119,144,0.2002,0.0889,9.7342,-0.00439,-0.00067,0.00047,0.0,0.0,6184,6097,5946,5950
6.271,6e-05,0.0,-0.01,6e-05,0.0,29.57,0.0,0.0,0.0,0.0,0.0,19.18,0.0,0.0,-0.011,0.0,0.0,198.99,-0.00035,-0.00015,-0.008,0.00038,0.0,29.57,0.46,-1.118,140,0.2038,0.1212,9.7333,-0.00433,0.00093,-0.00153,0.0,0.0,6184,6097,5946,5950
6.52,0.00021,0.00021,-0.02,0.0003,0.0,29.57,0.0,0.0,0.0,0.0,0.0,19.18,0.0,0.0,-0.015,0.0,0.0,198.99,-0.0002,6e-05,-0.015,0.00021,0.0,29.57,0.465,-1.075,140,0.1697,0.0682,9.7854,-0.00286,0.0018,0.0026,0.0,0.0,6184,6097,5946,5950
6.774,1e-05,-0.00017,-0.008,0.00017,0.0,29.57,0.0,0.0,0.0,0.0,0.0,19.18,0.0,0.0,-0.009,0.0,0.0,198.99,-0.00041,-0.00032,-0.009,0.00052,0.0,29.57,0.472,-1.126,140,0.1374,0.1239,9.7486,-0.00446,-0.00226,0.00087,0.0,0.0,6184,6097,5946,5950
7.02,0.00013,-6e-05,-0.013,0.00014,0.0,29.57,0.0,0.0,0.0,0.0,0.0,19.18,0.0,0.0,0.005,0.0,0.0,198.99,-0.00028,-0.00021,0.003,0.00035,0.0,29.57,0.472,-1.109,140,0.1715,0.1131,9.7432,-0.001,0.00067,0.00493,0.0,0.0,6184,6097,5946,5950
7.27,0.00012,8e-05,-0.018,0.00014,0.0,29.57,0.0,0.0,0.0,0.0,0.0,19.18,0.0,0.0,0.012,0.0,0.0,198.99,-0.00029,-7e-05,0.009,0.0003,0.0,29.57,0.473,-1.102,136,0.1454,0.1059,9.7333,-0.00599,-0.00186,0.0024,0.0,0.0,6184,6097,5946,5950
7.52,0.00012,0.00015,-0.02,0.00019,0.0,28.83,0.0,0.0,0.0,0.0,0.0,20.82,0.0,0.0,0.02,0.0,0.0,201.8,-0.00029,0.0,0.019,0.00029,0.0,28.83,0.506,-1.118,136,0.2002,0.0898,9.7585,-0.00493,-0.00313,0.00333,0.0,0.0,6184,6097,5946,5950
7.771,-0.00012,-0.0001,-0.014,0.00016,0.0,28.83,0.0,0.0,0.0,0.0,0.0,20.82,0.0,0.0,0.021,0.0,0.0,201.8,-0.00053,-0.00026,0.015,0.00059,0.0,28.83,0.499,-1.121,136,0.2442,0.0754,9.6956,0.0,-0.00146,0.00133,0.0,0.0,6184,6097,5946,5950
8.02,-1e-05,-9e-05,-0.012,9e-05,0.0,28.83,0.0,0.0,0.0,0.0,0.0,20.82,0.0,0.0,0.02,0.0,0.0,201.8,-0.00043,-0.00024,0.02,0.00049,0.0,28.83,0.45,-1.151,136,0.1553,0.1185,9.7468,-0.00087,-0.00326,-0.00133,0.0,0.0,6184,6097,5946,5950
8.27,-0.00014,-0.00021,-0.005,0.00025,0.0,28.83,0.0,0.0,0.0,0.0,0.0,20.82,0.0,0.0,0.021,0.0,0.0,201.8,-0.00055,-0.00036,0.023,0.00066,0.0,28.83,0.502,-1.083,133,0.1508,0.0907,9.7701,-0.00047,0.00053,-0.002,0.0,0.0,6184,6097,5946,5950
8.52,-0.00011,-9e-05,-0.005,0.00014,0.0,28.83,0.0,0.0,0.0,0.0,0.0,20.82,0.0,0.0,0.013,0.0,0.0,201.8,-0.00052,-0.00024,0.013,0.00058,0.0,28.83,0.493,-1.056,133,0.2218,0.0871,9.7432,-0.00253,-0.00186,-0.00459,0.0,0.0,6184,6097,5946,5950
8.77,-0.00028,-0.00028,-0.0,0.00039,0.0,29.6,0.0,0.0,0.0,0.0,0.0,20.0,0.0,0.0,0.011,0.0,0.0,198.38,-0.00069,-0.00043,0.016,0.00082,0.0,29.6,0.482,-1.042,133,0.1365,0.0925,9.7818,-0.00459,0.00153,-0.00566,0.0,0.0,6184,6097,5946,5950
9.02,-0.00038,-0.0003,-0.006,0.00048,0.0,29.6,0.0,0.0,0.0,0.0,0.0,20.0,0.0,0.0,0.011,0.0,0.0,198.38,-0.00079,-0.00045,0.011,0.00091,0.0,29.6,0.439,-1.093,133,0.2011,0.0224,9.7369,-0.0038,-0.0004,-0.0024,0.0,0.0,6184,6097,5946,5950
9.27,-0.00044,-0.00026,-0.01,0.00051,0.0,29.6,0.0,0.0,0.0,0.0,0.0,20.0,0.0,0.0,0.01,0.0,0.0,198.38,-0.00086,-0.00041,0.008,0.00095,0.0,29.6,0.498,-1.111,129,0.1715,0.1185,9.7576,-0.00692,-0.00146,0.00273,0.0,0.0,6184,6097,5946,5950
9.52,-0.00048,-0.00026,-0.01,0.00054,0.0,29.6,0.0,0.0,0.0,0.0,0.0,20.0,0.0,0.0,0.003,0.0,0.0,198.38,-0.00089,-0.00041,0.001,0.00098,0.0,29.6,0.492,-1.076,129,0.1939,0.0835,9.7091,0.00013,0.00027,0.00146,0.0,0.0,6184,6097,5946,5950
9.77,-0.00063,-0.00042,-0.004,0.00076,0.0,29.99,0.0,0.0,0.0,0.0,0.0,19.99,0.0,0.0,-0.014,0.0,0.0,201.94,-0.00105,-0.00057,-0.013,0.00119,0.0,29.99,0.463,-1.089,129,0.1715,0.0476,9.7648,-0.00939,-0.003,0.00193,0.0,0.0,6184,6097,5946,5950
10.02,-0.00064,-0.00039,-0.003,0.00074,0.0,29.99,0.0,0.0,0.0,0.0,0.0,19.99,0.0,0.0,-0.026,0.0,0.0,201.94,-0.00105,-0.00054,-0.03,0.00118,0.0,29.99,0.513,-1.105,129,0.1401,0.1526,9.7836,-0.00206,0.0026,0.00759,0.0,0.0,6184,6097,5946,5950
10.27,-0.00059,-0.00033,-0.007,0.00068,0.0,29.99,0.0,0.0,0.0,0.0,0.0,19.99,0.0,0.0,-0.021,0.0,0.0,201.94,-0.00101,-0.00049,-0.025,0.00112,0.0,29.99,0.51,-1.103,126,0.1867,0.0997,9.7441,-0.0028,-0.00133,0.00226,0.0,0.0,6184,6097,5946,5950
10.52,-0.0006,-0.00036,-0.008,0.0007,0.0,29.99,0.0,0.0,0.0,0.0,0.0,19.99,0.0,0.0,-0.029,0.0,0.0,201.94,-0.00101,-0.00051,-0.03,0.00113,0.0,29.99,0.453,-1.118,126,0.2155,0.0323,9.7351,-0.0014,-0.00093,0.00027,0.0,0.0,6184,6097,5946,5950
10.771,-0.00066,-0.00035,-0.005,0.00074,0.0,29.97,0.0,0.0,0.0,0.0,0.0,17.98,0.0,0.0,-0.045,0.0,0.0,199.82,-0.00107,-0.0005,-0.041,0.00118,0.0,29.97,0.52,-1.082,126,0.1966,0.1024,9.7809,-0.0026,-0.0018,0.00226,0.0,0.0,6184,6097,5946,5950
11.02,-0.0007,-0.00033,-0.01,0.00077,0.0,29.97,0.0,0.0,0.0,0.0,0.0,17.98,0.0,0.0,-0.04,0.0,0.0,199.82,-0.00111,-0.00048,-0.041,0.00121,0.0,29.97,0.453,-1.133,126,0.2505,0.0988,9.7324,-0.003,-0.00353,0.0032,0.0,0.0,6184,6097,5946,5950
11.271,-0.0007,-0.00021,-0.017,0.00073,0.0,29.97,0.0,0.0,0.0,0.0,0.0,17.98,0.0,0.0,-0.027,0.0,0.0,199.82,-0.00111,-0.00036,-0.027,0.00117,0.0,29.97,0.449,-1.131,123,0.1787,0.0485,9.7944,0.00246,0.0022,0.00253,0.0,0.0,6184,6097,5946,5950
11.522,-0.00089,-0.00048,-0.001,0.00101,0.0,29.97,0.0,0.0,0.0,0.0,0.0,17.98,0.0,0.0,-0.037,0.0,0.0,199.82,-0.0013,-0.00063,-0.038,0.00145,0.0,29.97,0.497,-1.126,123,0.1841,0.1526,9.7576,-0.00053,0.00206,0.00353,0.0,0.0,6184,6097,5946,5950
11.771,-0.00093,-0.00045,-0.005,0.00104,0.0,29.97,0.0,0.0,0.0,0.0,0.0,17.98,0.0,0.0,-0.028,0.0,0.0,199.82,-0.00135,-0.00061,-0.029,0.00148,0.0,29.97,0.505,-1.123,123,0.1562,0.1266,9.7648,-0.00453,-0.00047,0.00313,0.0,0.0,6184,6097,5946,5950
12.02,-0.00103,-0.00057,-0.004,0.00118,0.0,29.64,0.0,0.0,0.0,0.0,0.0,20.82,0.0,0.0,-0.032,0.0,0.0,201.84,-0.00145,-0.00072,-0.034,0.00162,0.0,29.64,0.472,-1.071,123,0.2568,0.0862,9.7288,-0.00366,-0.00073,0.00613,0.0,0.0,6184,6097,5946,5950
12.27,-0.00108,-0.00042,-0.006,0.00116,0.0,29.64,0.0,0.0,0.0,0.0,0.0,20.82,0.0,0.0,-0.019,0.0,0.0,201.84,-0.00149,-0.00058,-0.019,0.0016,0.0,29.64,0.47,-1.103,122,0.1823,0.105,9.7261,-0.0036,0.00033,0.00513,0.0,0.0,6184,6097,5946,5950
12.52,-0.00131,-0.00062,0.001,0.00145,0.0,29.64,0.0,0.0,0.0,0.0,0.0,20.82,0.0,0.0,-0.028,0.0,0.0,201.84,-0.00172,-0.00077,-0.027,0.00189,0.0,29.64,0.472,-1.09,122,0.1122,0.07,9.7154,-0.00386,-0.00067,0.00186,0.0,0.0,6184,6097,5946,5950
12.771,-0.00132,-0.00079,0.009,0.00154,0.0,29.64,0.0,0.0,0.0,0.0,0.0,20.82,0.0,0.0,-0.026,0.0,0.0,201.84,-0.00173,-0.00094,-0.022,0.00197,0.0,29.64,0.453,-1.114,122,0.1625,0.1499,9.7674,-0.00413,-0.00213,0.003,0.0,0.0,6184,6097,5946,5950
13.02,-0.00138,-0.00061,0.0,0.00151,0.0,29.0,0.0,0.0,0.0,0.0,0.0,21.0,0.0,0.0,-0.02,0.0,0.0,199.98,-0.00179,-0.00076,-0.02,0.00195,0.0,29.0,0.429,-1.125,122,0.1553,0.044,9.7755,-0.00146,-0.0004,0.00373,0.0,0.0,6184,6097,5946,5950
13.27,-0.00154,-0.00062,0.002,0.00166,0.0,29.0,0.0,0.0,0.0,0.0,0.0,21.0,0.0,0.0,-0.004,0.0,0.0,199.98,-0.00195,-0.00077,-0.002,0.0021,0.0,29.0,0.47,-1.097,122,0.1876,0.0575,9.7773,-0.00486,0.00306,-0.00053,0.0,0.0,6184,6097,5946,5950
13.52,-0.00189,-0.00081,0.014,0.00206,0.0,29.0,0.0,0.0,0.0,0.0,0.0,21.0,0.0,0.0,0.005,0.0,0.0,199.98,-0.00231,-0.00096,0.006,0.0025,0.0,29.0,0.455,-1.088,122,0.1688,0.1526,9.7342,-7e-05,-7e-05,0.00093,0.0,0.0,6184,6097,5946,5950
13.771,-0.00207,-0.00082,0.015,0.00223,0.0,29.0,0.0,0.0,0.0,0.0,0.0,21.0,0.0,0.0,0.006,0.0,0.0,199.98,-0.00248,-0.00097,0.001,0.00267,0.0,29.0,0.48,-1.116,122,0.2271,0.0745,9.6884,-0.00546,0.00286,0.00939,0.0,0.0,6184,6097,5946,5950
14.02,-0.00221,-0.00083,0.016,0.00237,0.0,29.99,0.0,0.0,0.0,0.0,0.0,19.99,0.0,0.0,0.027,0.0,0.0,199.93,-0.00263,-0.00098,0.026,0.00281,0.0,29.99,0.465,-1.079,122,0.1742,0.0233,9.7378,-0.00579,0.00146,0.00819,0.0,0.0,6184,6097,5946,5950
14.271,-0.00208,-0.0006,0.008,0.00217,0.0,29.99,0.0,0.0,0.0,0.0,0.0,19.99,0.0,0.0,0.029,0.0,0.0,199.93,-0.00249,-0.00075,0.032,0.0026,0.0,29.99,0.475,-1.133,114,0.2245,0.088,9.7737,0.0004,0.00253,-0.002,0.0,0.0,6184,6097,5946,5950
14.52,-0.00205,-0.00038,-0.004,0.00209,0.0,29.99,0.0,0.0,0.0,0.0,0.0,19.99,0.0,0.0,0.033,0.0,0.0,199.93,-0.00246,-0.00053,0.035,0.00252,0.0,29.99,0.52,-1.099,114,0.1733,0.1212,9.7935,-0.00646,-0.00373,0.0016,0.0,0.0,6184,6097,5946,5950
14.77,-0.00194,-0.00032,-0.006,0.00196,0.0,29.99,0.0,0.0,0.0,0.0,0.0,19.99,0.0,0.0,0.038,0.0,0.0,199.93,-0.00235,-0.00047,0.042,0.0024,0.0,29.99,0.485,-1.079,114,0.158,0.1266,9.7674,-0.00513,0.00073,-0.00193,0.0,0.0,6184,6097,5946,5950
15.02,-0.00209,-0.00036,-0.003,0.00212,0.0,30.0,0.0,0.0,0.0,0.0,0.0,20.0,0.0,0.0,0.03,0.0,0.0,201.0,-0.0025,-0.00052,0.029,0.00255,0.0,30.0,0.512,-1.044,114,0.2361,0.114,9.7163,-0.0034,0.0018,-0.0014,0.0,0.0,6184,6097,5946,5950
15.27,-0.00213,-0.00049,0.004,0.00219,0.0,30.0,0.0,0.0,0.0,0.0,0.0,20.0,0.0,0.0,0.023,0.0,0.0,201.0,-0.00255,-0.00064,0.026,0.00263,0.0,30.0,0.502,-1.168,109,0.1661,0.0853,9.7244,-0.00506,-0.00193,-0.00166,0.0,0.0,6184,6097,5946,5950
15.52,-0.0023,-0.0007,0.012,0.0024,0.0,30.0,0.0,0.0,0.0,0.0,0.0,20.0,0.0,0.0,0.022,0.0,0.0,201.0,-0.00271,-0.00085,0.02,0.00284,0.0,30.0,0.479,-1.188,109,0.193,0.053,9.7154,-0.00586,-0.00113,0.00533,0.0,0.0,6184,6097,5946,5950
15.771,-0.00227,-0.00053,0.002,0.00233,0.0,30.0,0.0,0.0,0.0,0.0,0.0,20.0,0.0,0.0,0.017,0.0,0.0,201.0,-0.00268,-0.00068,0.019,0.00276,0.0,30.0,0.45,-1.136,109,0.158,0.0952,9.7665,-0.00406,0.00047,0.00206,0.0,0.0,6184,6097,5946,5950
16.02,-0.0023,-0.00039,-0.003,0.00233,0.0,30.0,0.0,0.0,0.0,0.0,0.0,20.0,0.0,0.0,0.011,0.0,0.0,201.0,-0.00271,-0.00055,0.009,0.00276,0.0,30.0,0.475,-1.13,109,0.2245,0.1024,9.6804,-0.0024,-0.00146,0.00659,0.0,0.0,6184,6097,5946,5950
16.271,-0.0024,-0.00042,-0.0,0.00244,0.0,28.79,0.0,0.0,0.0,0.0,0.0,20.0,0.0,0.0,0.007,0.0,0.0,199.16,-0.00282,-0.00057,0.008,0.00287,0.0,28.79,0.422,-1.099,107,0.1993,0.0287,9.7764,-0.00446,-0.0004,0.0,0.0,0.0,6184,6097,5946,5950
16.52,-0.00254,-0.00023,-0.005,0.00256,0.0,28.79,0.0,0.0,0.0,0.0,0.0,20.0,0.0,0.0,0.018,0.0,0.0,199.16,-0.00296,-0.00039,0.019,0.00298,0.0,28.79,0.443,-1.163,107,0.2011,0.1463,9.6992,-0.00326,-0.00446,-0.0036,0.0,0.0,6184,6097,5946,5950
16.771,-0.00267,-0.00016,-0.01,0.00267,0.0,28.79,0.0,0.0,0.0,0.0,0.0,20.0,0.0,0.0,0.005,0.0,0.0,199.16,-0.00308,-0.00031,0.007,0.00309,0.0,28.79,0.458,-1.163,107,0.2227,0.1015,9.6848,-0.00153,-0.00173,-0.00153,0.0,0.0,6184,6097,5946,5950
17.02,-0.00257,9e-05,-0.015,0.00258,0.0,28.79,0.0,0.0,0.0,0.0,0.0,20.0,0.0,0.0,0.006,0.0,0.0,199.16,-0.00299,-6e-05,0.006,0.00299,0.0,28.79,0.438,-1.111,107,0.1724,0.1059,9.7827,-0.0018,0.00093,0.00073,0.0,0.0,6184,6097,5946,5950
17.271,-0.00261,0.00013,-0.013,0.00261,0.0,29.99,0.0,0.0,0.0,0.0,0.0,19.99,0.0,0.0,0.008,0.0,0.0,198.94,-0.00302,-2e-05,0.007,0.00302,0.0,29.99,0.448,-1.071,101,0.2092,0.0664,9.8007,-0.00266,-0.00213,-0.0004,0.0,0.0,6184,6097,5946,5950
17.521,-0.00273,0.00022,-0.018,0.00274,0.0,29.99,0.0,0.0,0.0,0.0,0.0,19.99,0.0,0.0,0.016,0.0,0.0,198.94,-0.00314,7e-05,0.013,0.00314,0.0,29.99,0.46,-1.113,101,0.1688,0.1113,9.7145,-0.00626,0.00186,0.00633,0.0,0.0,6184,6097,5946,5950
17.77,-0.00289,2e-05,-0.009,0.00289,0.0,29.99,0.0,0.0,0.0,0.0,0.0,19.99,0.0,0.0,0.022,0.0,0.0,198.94,-0.00331,-0.00013,0.017,0.00331,0.0,29.99,0.469,-1.104,101,0.2119,0.0377,9.6839,-0.00093,-7e-05,0.00699,0.0,0.0,6184,6097,5946,5950
18.02,-0.00293,9e-05,-0.013,0.00293,0.0,29.99,0.0,0.0,0.0,0.0,0.0,19.99,0.0,0.0,0.021,0.0,0.0,198.94,-0.00334,-6e-05,0.02,0.00334,0.0,29.99,0.474,-1.109,101,0.202,0.0898,9.7549,0.0008,0.00127,0.00127,0.0,0.0,6184,6097,5946,5950
18.27,-0.00311,0.00019,-0.02,0.00312,0.0,29.99,0.0,0.0,0.0,0.0,0.0,19.99,0.0,0.0,0.022,0.0,0.0,198.94,-0.00352,3e-05,0.02,0.00352,0.0,29.99,0.471,-1.11,97,0.1679,0.0835,9.7163,-0.00306,0.00113,0.00067,0.0,0.0,6184,6097,5946,5950
18.52,-0.00296,0.00021,-0.021,0.00297,0.0,28.02,0.0,0.0,0.0,0.0,0.0,20.01,0.0,0.0,0.018,0.0,0.0,202.55,-0.00338,6e-05,0.018,0.00338,0.0,28.02,0.509,-1.105,97,0.2092,0.0557,9.7459,-0.00127,-0.00146,0.00033,0.0,0.0,6184,6097,5946,5950
18.771,-0.00308,0.00048,-0.035,0.00311,0.0,28.02,0.0,0.0,0.0,0.0,0.0,20.01,0.0,0.0,0.019,0.0,0.0,202.55,-0.00349,0.00033,0.016,0.00351,0.0,28.02,0.511,-1.122,97,0.1984,0.0952,9.7881,-0.00033,7e-05,0.0012,0.0,0.0,6184,6097,5946,5950
19.02,-0.0033,0.00036,-0.03,0.00332,0.0,28.02,0.0,0.0,0.0,0.0,0.0,20.01,0.0,0.0,0.016,0.0,0.0,202.55,-0.00371,0.00021,0.012,0.00372,0.0,28.02,0.509,-1.135,97,0.1688,0.0799,9.6947,-0.00439,-0.0006,0.00539,0.0,0.0,6184,6097,5946,5950
19.27,-0.00337,0.00032,-0.023,0.00339,0.0,28.02,0.0,0.0,0.0,0.0,0.0,20.01,0.0,0.0,0.023,0.0,0.0,202.55,-0.00379,0.00017,0.017,0.00379,0.0,28.02,0.483,-1.092,94,0.1517,0.097,9.7791,-0.0038,0.00033,0.00413,0.0,0.0,6184,6097,5946,5950
19.521,-0.00361,-1e-05,-0.005,0.00361,0.0,29.98,0.0,0.0,0.0,0.0,0.0,19.99,0.0,0.0,0.041,0.0,0.0,200.88,-0.00403,-0.00016,0.04,0.00403,0.0,29.98,0.494,-1.147,94,0.2119,0.1149,9.763,-0.00686,-0.00127,-0.00399,0.0,0.0,6184,6097,5946,5950
19.771,-0.00378,-2e-05,-0.008,0.00378,0.0,29.98,0.0,0.0,0.0,0.0,0.0,19.99,0.0,0.0,0.04,0.0,0.0,200.88,-0.00419,-0.00017,0.033,0.00419,0.0,29.98,0.492,-1.151,94,0.22,0.0637,9.6786,-0.00373,0.0006,0.00346,0.0,0.0,6184,6097,5946,5950
20.02,-0.00377,3e-05,-0.009,0.00377,0.0,29.98,0.0,0.0,0.0,0.0,0.0,19.99,0.0,0.0,0.033,0.0,0.0,200.88,-0.00418,-0.00013,0.03,0.00419,0.0,29.98,0.508,-1.122,94,0.2307,0.1203,9.7621,-0.00067,-0.0022,-0.00153,0.0,0.0,6184,6097,5946,5950
20.271,-0.00346,0.00034,-0.027,0.00348,0.0,29.98,0.0,0.0,0.0,0.0,0.0,19.99,0.0,0.0,0.032,0.0,0.0,200.88,-0.00387,0.00018,0.027,0.00388,0.0,29.98,0.474,-1.118,90,0.1356,0.1006,9.7549,-0.00173,-0.00113,0.00213,0.0,0.0,6184,6097,5946,5950
20.52,-0.00346,0.00034,-0.027,0.00348,0.0,29.98,0.0,0.0,0.0,0.0,0.0,19.99,0.0,0.0,0.036,0.0,0.0,200.88,-0.00387,0.00018,0.03,0.00388,0.0,29.98,0.498,-1.123,90,0.1885,0.0781,9.7701,-0.00493,-0.00146,0.0002,0.0,0.0,6184,6097,5946,5950
20.77,-0.00346,0.00034,-0.027,0.00348,0.0,28.8,0.00076,-0.0,-0.017,0.00076,0.0,20.0,0.0,0.0,0.025,0.0,0.0,199.23,-0.00387,0.00018,0.028,0.00388,0.0,28.8,0.488,-1.125,90,0.2747,0.1517,9.78,-0.00286,0.03376,-0.00892,0.0321,-0.0126,6184,6097,5946,5950
21.02,0.0109,-9e-05,-0.024,0.0109,0.00738,28.8,0.0223,1e-05,0.055,0.0223,0.0223,20.0,0.0,0.0,0.021,0.0,0.0,199.23,0.01049,-0.00023,0.015,0.01049,0.00697,28.8,0.483,0.324,90,0.2271,0.1616,9.6157,-0.01272,0.02031,0.00253,0.1348,-0.0126,6286,6201,6048,6050
21.27,0.04293,-0.00074,-0.044,0.04294,0.04295,28.8,0.05134,3e-05,0.056,0.05134,0.05134,20.0,0.0,0.0,-0.024,0.0,0.0,199.23,0.04252,-0.00086,-0.004,0.04253,0.04254,28.8,0.525,-0.169,131,0.2702,0.2747,10.0215,-0.01611,0.0018,-0.02017,0.1583,0.0,6456,6370,6214,6219
21.52,0.08698,-0.00083,-0.075,0.08698,0.08701,28.8,0.10248,0.0001,0.09,0.10248,0.1022,20.0,0.0,0.0,0.028,0.0,0.0,199.23,0.08656,-0.0009,0.022,0.08657,0.0866,28.8,0.544,-0.73,131,0.3753,0.0754,9.7459,-7e-05,0.02417,-0.00153,0.1755,0.0,6756,6667,6510,6518
21.77,0.12625,-0.00141,-0.092,0.12626,0.12631,28.8,0.14638,0.00017,0.122,0.14638,0.14638,20.0,0.0,0.0,-0.032,0.0,0.0,199.23,0.12584,-0.00146,-0.042,0.12585,0.12589,28.8,0.585,-0.88,131,0.2451,0.2352,10.0709,0.00726,-0.01285,0.00732,0.1776,-0.0126,7005,6912,6758,6766
22.02,0.16685,-0.00147,-0.162,0.16685,0.16691,29.61,0.19234,0.00021,0.012,0.19234,0.19234,20.01,0.0,0.0,-0.123,0.0,0.0,200.1,0.16642,-0.00148,-0.114,0.16643,0.16649,29.61,0.372,-1.058,131,0.4714,0.0018,9.4685,0.04414,0.00606,-0.01964,0.1819,-0.0126,7279,7187,7030,7039
22.27,0.20774,-0.00295,-0.186,0.20777,0.20784,29.61,0.23863,0.00022,0.011,0.23863,0.23863,20.01,0.0,0.0,-0.154,0.0,0.0,200.1,0.2056,-0.00287,-0.156,0.20562,0.2057,29.61,0.526,-1.32,141,0.2909,-0.053,9.402,0.03136,0.02064,-0.0006,0.1819,-0.0126,7540,7448,7289,7300
22.52,0.26245,-0.00343,-0.244,0.26247,0.26255,29.61,0.28564,0.00013,-0.148,0.28564,0.28564,20.01,0.0,0.0,-0.217,0.0,0.0,200.1,0.2583,-0.00331,-0.224,0.25832,0.2584,29.61,0.526,-1.106,141,0.3555,0.2855,9.9111,-0.0229,0.00852,0.0006,0.1883,0.0,7878,7782,7622,7633
22.771,0.3056,-0.00357,-0.296,0.30562,0.30572,29.61,0.32461,-0.0,-0.239,0.32461,0.32461,20.01,0.0,0.0,-0.249,0.0,0.0,200.1,0.30047,-0.00342,-0.263,0.30049,0.30059,29.61,0.679,-0.964,141,0.334,0.1257,10.0691,-0.01698,-0.02989,0.00613,0.199,-0.0126,8062,7964,7802,7815
23.02,0.3547,-0.00467,-0.207,0.35473,0.35484,25.99,0.38311,-0.00017,-0.159,0.38311,0.38311,19.99,0.0,0.0,-0.173,0.0,0.0,201.89,0.349,-0.00443,-0.178,0.34902,0.34914,25.99,0.612,-0.979,141,0.4723,-0.2415,9.464,0.01591,-0.00173,0.00053,0.1883,-0.0252,8405,8303,8144,8159
23.27,0.39854,-0.00454,-0.311,0.39856,0.39871,25.99,0.43116,-0.0003,-0.103,0.43116,0.43116,19.99,0.0,0.0,-0.218,0.0,0.0,201.89,0.39256,-0.00427,-0.229,0.39258,0.39273,25.99,0.417,-1.181,171,0.2361,0.1032,9.8061,0.00459,-0.00406,-0.01205,0.199,-0.0126,8678,8574,8417,8432
23.52,0.44923,-0.00522,-0.399,0.44926,0.44942,25.99,0.48129,-0.00043,-0.083,0.48129,0.48129,19.99,0.0,0.0,-0.288,0.0,0.0,201.89,0.44314,-0.00487,-0.298,0.44317,0.44332,25.99,0.26,-1.333,171,0.202,0.0144,9.5466,-0.00193,-0.01505,0.00726,0.2012,0.0252,8981,8877,8717,8734
23.77,0.49388,-0.00565,-0.428,0.49392,0.49409,25.99,0.52098,-0.00051,-0.215,0.52098,0.52098,19.99,0.0,0.0,-0.303,0.0,0.0,201.89,0.4879,-0.00523,-0.312,0.48792,0.4881,25.99,0.288,-1.238,171,0.3071,-0.0844,9.464,0.01491,0.00446,0.0004,0.2033,-0.0126,9262,9156,8993,9012
24.02,0.54478,-0.00714,-0.44,0.54483,0.54506,25.99,0.58113,-0.00076,-0.217,0.58113,0.58114,19.99,0.0,0.0,-0.309,0.0,0.0,201.89,0.53922,-0.00664,-0.321,0.53927,0.53949,25.99,0.169,-1.376,171,0.2002,0.0081,9.2431,-0.01864,0.00206,0.00812,0.1991,-0.0126,9569,9459,9297,9316
24.27,0.58887,-0.00787,-0.408,0.58893,0.58918,29.61,0.62123,-0.0009,-0.18,0.62123,0.62123,18.41,0.0,0.0,-0.242,0.0,0.0,199.26,0.58355,-0.00726,-0.272,0.5836,0.58385,29.61,0.221,-1.517,150,0.1481,0.2191,9.7244,-0.03129,-0.01738,0.01798,0.1969,0.0,9803,9690,9529,9550
24.521,0.63898,-0.0089,-0.411,0.63904,0.63931,29.61,0.67981,-0.00108,-0.214,0.67981,0.67961,18.41,0.0,0.0,-0.264,0.0,0.0,199.26,0.63407,-0.00818,-0.272,0.63413,0.63439,29.61,0.129,-1.475,150,0.097,0.0269,9.8581,0.00613,-0.00706,-0.01232,0.1969,0.0,10195,10079,9921,9942
24.771,0.68357,-0.00959,-0.467,0.68364,0.68392,29.61,0.72901,-0.00127,-0.18,0.72901,0.72902,18.41,0.0,0.0,-0.321,0.0,0.0,199.26,0.67923,-0.00877,-0.327,0.67929,0.67956,29.61,0.293,-1.309,150,0.2936,0.0081,9.7845,0.00846,0.02443,0.00459,0.2012,0.0252,10498,10383,10222,10244
25.021,0.73453,-0.01076,-0.484,0.73461,0.7349,29.61,0.77947,-0.00142,-0.253,0.77947,0.77947,18.41,0.0,0.0,-0.357,0.0,0.0,199.26,0.731,-0.00983,-0.363,0.73107,0.73136,29.61,0.426,-1.078,150,0.158,0.2676,10.0547,-0.01165,0.02796,-0.00985,0.2012,-0.0252,10732,10616,10454,10478
25.27,0.77928,-0.01203,-0.475,0.77937,0.77968,30.0,0.82854,-0.00162,-0.248,0.82855,0.82855,22.0,0.0,0.0,-0.375,0.0,0.0,200.99,0.77656,-0.01103,-0.391,0.77664,0.77694,30.0,0.399,-1.034,147,0.1634,0.3923,9.7782,-0.01238,-0.00712,0.00726,0.1969,0.0,11015,10896,10735,10758
25.521,0.83006,-0.01371,-0.477,0.83017,0.83049,30.0,0.8801,-0.00185,-0.187,0.8801,0.88011,22.0,0.0,0.0,-0.339,0.0,0.0,200.99,0.82834,-0.01266,-0.356,0.82843,0.82875,30.0,0.36,-1.304,147,0.1652,-0.07,9.8052,0.03482,0.01378,0.00652,0.199,0.0378,11324,11200,11038,11064
25.77,0.87408,-0.01453,-0.395,0.8742,0.87455,30.0,0.91906,-0.00193,-0.128,0.91907,0.91907,22.0,0.0,0.0,-0.336,0.0,0.0,200.99,0.87337,-0.01342,-0.35,0.87347,0.87382,30.0,0.249,-1.217,147,0.3439,0.0934,9.4433,-0.00559,0.00333,-0.00246,0.1968,-0.0252,11553,11428,11269,11296
26.02,0.92384,-0.01744,-0.355,0.92401,0.92453,30.0,0.97768,-0.00202,-0.072,0.97768,0.97769,22.0,0.0,0.0,-0.401,0.0,0.0,200.99,0.92425,-0.01639,-0.415,0.92439,0.92491,30.0,0.217,-1.219,147,0.0503,0.2029,9.7944,-0.01571,0.01139,-0.00692,0.199,-0.0126,11898,11770,11612,11639
26.27,0.9619,-0.01762,-0.44,0.96206,0.96261,27.99,1.02743,-0.00209,-0.09,1.02743,1.02744,19.99,0.0,0.0,-0.422,0.0,0.0,199.91,0.96318,-0.01659,-0.444,0.96333,0.96387,27.99,0.235,-1.418,100,0.3062,-0.0817,9.5214,-0.00127,0.02071,0.00799,0.1969,0.0,12176,12048,11888,11916
26.521,1.01841,-0.02104,-0.31,1.01862,1.01934,27.99,1.07742,-0.00219,-0.089,1.07742,1.07742,19.99,0.0,0.0,-0.466,0.0,0.0,199.91,1.0211,-0.02022,-0.484,1.0213,1.02202,27.99,0.366,-1.166,100,0.0952,0.2622,9.4846,-0.03522,0.00593,0.01019,0.2012,0.0,12479,12349,12189,12216
26.77,1.06273,-0.02046,-0.418,1.06293,1.06368,27.99,1.12734,-0.00234,-0.212,1.12734,1.12735,19.99,0.0,0.0,-0.561,0.0,0.0,199.91,1.06664,-0.01977,-0.554,1.06682,1.06757,27.99,0.398,-0.862,100,0.1024,-0.1122,9.6418,0.02503,-0.02836,-0.01212,0.2033,-0.0126,12762,12628,12466,12496
27.021,1.11228,-0.02294,-0.261,1.11251,1.11338,27.99,1.17659,-0.00247,-0.108,1.1766,1.1766,19.99,0.0,0.0,-0.486,0.0,0.0,199.91,1.11754,-0.02243,-0.502,1.11776,1.11864,27.99,0.302,-1.147,100,-0.1059,0.1867,9.8869,-0.0241,0.00519,0.00839,0.2033,0.0126,13112,12974,12816,12848
27.27,1.15567,-0.02387,-0.262,1.15592,1.15689,27.99,1.21633,-0.0026,-0.198,1.21633,1.21633,19.99,0.0,0.0,-0.596,0.0,0.0,199.91,1.16211,-0.02362,-0.6,1.16235,1.16334,27.99,0.419,-1.108,56,-0.0108,0.1858,9.8761,-0.02816,-0.0247,-0.00846,0.1969,0.0252,13296,13157,13000,13032
27.52,1.2062,-0.02521,-0.322,1.20646,1.20756,29.6,1.26157,-0.00274,-0.184,1.26157,1.26158,18.4,0.0,0.0,-0.666,0.0,0.0,200.8,1.21399,-0.02533,-0.675,1.21425,1.21538,29.6,0.524,-1.124,56,0.4974,-0.0018,10.1167,0.00726,-0.01092,0.00253,0.1969,-0.0252,13572,13432,13273,13305
27.77,1.24875,-0.02766,-0.219,1.24906,1.25026,29.6,1.31957,-0.00304,-0.367,1.31958,1.31958,18.4,0.0,0.0,-0.744,0.0,0.0,200.8,1.25771,-0.02813,-0.713,1.25803,1.25927,29.6,0.365,-3.525,56,2.838,-0.1437,11.0244,0.01525,-0.08535,-0.03169,0.0899,0.0252,13910,13770,13609,13642
28.02,1.26343,-0.02322,-0.642,1.26365,1.26398,29.6,1.32495,-0.00307,-0.366,1.32495,1.32485,18.4,0.0,0.0,-0.688,0.0,0.0,200.8,1.2728,-0.02367,-0.693,1.27302,1.27334,29.6,0.3,-2.81,56,-0.0009,0.1006,9.6552,-0.0032,-0.00213,0.0014,0.0,0.0,13968,13830,13667,13700
28.27,1.26351,-0.02346,-0.634,1.26373,1.26398,29.6,1.32495,-0.00307,-0.366,1.32495,1.32485,18.4,0.0,0.0,-0.693,0.0,0.0,200.8,1.27288,-0.02392,-0.694,1.2731,1.27334,29.6,0.365,-1.777,21,0.1984,0.1302,9.7908,-0.00333,-0.00127,-0.003,0.0,0.0,13968,13830,13667,13700
28.52,1.26324,-0.0228,-0.686,1.26344,1.26398,29.6,1.32495,-0.00307,-0.366,1.32495,1.32485,18.4,0.0,0.0,-0.689,0.0,0.0,200.8,1.2726,-0.02324,-0.693,1.27281,1.27334,29.6,0.375,-1.432,21,0.2011,0.0772,9.7603,-0.00499,-0.0014,0.00286,0.0,0.0,13968,13830,13667,13700
28.771,1.26306,-0.02289,-0.683,1.26327,1.26398,28.8,1.32495,-0.00307,-0.366,1.32495,1.32485,20.8,0.0,0.0,-0.685,0.0,0.0,198.38,1.27242,-0.02333,-0.688,1.27263,1.27334,28.8,0.452,-1.313,21,0.2837,0.1293,9.7118,-0.00273,0.00133,0.00093,0.0,0.0,13968,13830,13667,13700
29.02,1.26309,-0.02276,-0.702,1.2633,1.26398,28.8,1.32495,-0.00307,-0.366,1.32495,1.32485,20.8,0.0,0.0,-0.687,0.0,0.0,198.38,1.27245,-0.0232,-0.693,1.27266,1.27334,28.8,0.366,-1.217,21,0.2227,0.1024,9.7423,-0.00573,-0.0004,0.00799,0.0,0.0,13968,13830,13667,13700
29.27,1.26307,-0.02281,-0.701,1.26327,1.26398,28.8,1.32495,-0.00307,-0.366,1.32495,1.32485,20.8,0.0,0.0,-0.678,0.0,0.0,198.38,1.27242,-0.02325,-0.686,1.27263,1.27334,28.8,0.393,-1.187,24,0.246,0.0431,9.7387,-0.00399,0.0014,0.00419,0.0,0.0,13968,13830,13667,13700
29.52,1.26302,-0.02279,-0.699,1.26322,1.26398,28.8,1.32495,-0.00307,-0.366,1.32495,1.32485,20.8,0.0,0.0,-0.664,0.0,0.0,198.38,1.27237,-0.02323,-0.668,1.27258,1.27334,28.8,0.387,-1.185,24,0.1544,0.044,9.7576,-0.003,0.00146,0.00459,0.0,0.0,13968,13830,13667,13700
29.77,1.26302,-0.02279,-0.699,1.26322,1.26398,28.8,1.32495,-0.00307,-0.366,1.32495,1.32485,20.8,0.0,0.0,-0.666,0.0,0.0,198.38,1.27237,-0.02323,-0.667,1.27258,1.27334,28.8,0.411,-1.168,24,0.1903,0.0835,9.7549,-0.0018,-0.00093,0.00087,0.0,0.0,13968,13830,13667,13700
30.02,1.2625,-0.02336,-0.667,1.26272,1.26398,28.81,1.32071,-0.00305,-0.246,1.32071,1.32485,20.81,0.0,0.0,-0.638,0.0,0.0,201.7,1.27184,-0.02382,-0.648,1.27207,1.27334,28.81,0.342,-2.55,24,0.9328,0.0153,10.2397,0.00539,-0.00699,0.01405,-0.0835,0.0378,13954,13814,13654,13688
30.271,1.23941,-0.02943,-0.102,1.23976,1.28756,28.81,1.29709,-0.00292,-0.33,1.29709,1.3526,20.81,0.0,0.0,-0.684,0.0,0.0,201.7,1.24822,-0.02988,-0.675,1.24858,1.29745,28.81,0.377,-2.735,23,0.3717,0.0934,9.7333,0.00479,0.00786,-0.0008,-0.1348,0.0126,13829,13689,13531,13564
30.52,1.20213,-0.01607,-1.224,1.20223,1.32268,28.81,1.2504,-0.00249,-0.676,1.2504,1.39929,20.81,0.0,0.0,-0.786,0.0,0.0,201.7,1.21011,-0.01615,-0.791,1.21021,1.33846,28.81,0.26,-1.908,23,0.3017,-0.114,9.7764,-0.00832,0.03063,0.01232,-0.1669,-0.0252,13592,13452,13292,13320
30.77,1.16638,-0.01065,-1.629,1.16643,1.36381,28.81,1.20639,-0.00199,-0.654,1.20639,1.4433,20.81,0.0,0.0,-0.81,0.0,0.0,201.7,1.17339,-0.01095,-0.812,1.17344,1.37561,28.81,0.235,-1.537,23,0.0224,0.1024,9.543,-0.02217,-0.02137,7e-05,-0.1819,-0.0126,13308,13171,13006,13032
31.021,1.12445,-0.00421,-2.059,1.12446,1.40632,29.98,1.15963,-0.00142,-0.76,1.15963,1.49006,19.99,0.0,0.0,-0.87,0.0,0.0,199.89,1.13008,-0.0051,-0.876,1.13009,1.41942,29.98,0.411,-1.392,23,0.2254,0.0871,9.2485,-0.00952,0.00659,-0.01558,-0.1819,-0.0378,12984,12846,12678,12702
31.27,1.08559,-0.00531,-1.987,1.08561,1.44529,29.98,1.11248,-0.00068,-0.89,1.11248,1.53722,19.99,0.0,0.0,-0.969,0.0,0.0,199.89,1.08994,-0.00698,-0.987,1.08996,1.4597,29.98,0.107,-1.032,17,0.1311,0.0745,9.8132,0.00832,0.0026,-0.0006,-0.184,0.0252,12763,12627,12453,12476
31.52,1.04192,-0.00514,-1.896,1.04194,1.48959,29.98,1.06564,-7e-05,-0.69,1.06564,1.58407,19.99,0.0,0.0,-1.04,0.0,0.0,199.89,1.0447,-0.00753,-1.066,1.04473,1.5056,29.98,0.37,-1.173,17,0.22,-0.2424,9.2557,0.03049,0.03296,-0.00672,-0.1905,0.0126,12478,12344,12169,12192
31.77,1.00206,-0.00312,-1.988,1.00207,1.5297,29.98,1.02814,0.00045,-0.834,1.02814,1.62157,19.99,0.0,0.0,-1.132,0.0,0.0,199.89,1.0033,-0.00597,-1.154,1.00331,1.54723,29.98,0.52,1.352,17,-3.2833,0.5504,8.3471,-0.03429,-0.15193,-0.02004,-0.1605,-0.0126,12256,12122,11947,11969
32.02,0.99085,-0.00231,-2.048,0.99085,1.54099,29.98,1.0167,0.00061,-0.887,1.0167,1.62863,19.99,0.0,0.0,-1.176,0.0,0.0,199.89,0.99166,-0.00529,-1.216,0.99167,1.55896,29.98,0.424,0.604,17,0.387,0.0503,9.7621,-0.00453,-0.00226,0.0022,0.0,0.0,12164,12027,11853,11871
32.271,0.99085,-0.00231,-2.048,0.99085,1.54099,29.59,1.0167,0.00061,-0.887,1.0167,1.62863,19.99,0.0,0.0,-1.197,0.0,0.0,199.9,0.99165,-0.00529,-1.243,0.99167,1.55896,29.59,0.396,-0.514,28,0.1329,0.0844,9.719,-0.00526,0.00087,0.0028,0.0,0.0,12164,12027,11853,11871
32.52,0.99085,-0.00231,-2.048,0.99085,1.54099,29.59,1.0167,0.00061,-0.887,1.0167,1.62863,19.99,0.0,0.0,-1.186,0.0,0.0,199.9,0.99165,-0.00529,-1.237,0.99167,1.55896,29.59,0.392,-0.972,28,0.1876,0.1095,9.7378,-0.00792,-0.00293,-0.00033,0.0,0.0,12164,12027,11853,11871
32.77,0.99085,-0.00231,-2.048,0.99085,1.54099,29.59,1.0167,0.00061,-0.887,1.0167,1.62863,19.99,0.0,0.0,-1.182,0.0,0.0,199.9,0.99165,-0.00529,-1.239,0.99167,1.55896,29.59,0.4,-1.132,28,0.2173,0.0575,9.6669,-0.0032,7e-05,0.00226,0.0,0.0,12164,12027,11853,11871
33.02,0.99085,-0.00231,-2.048,0.99085,1.54099,29.59,1.0167,0.00061,-0.887,1.0167,1.62863,19.99,0.0,0.0,-1.177,0.0,0.0,199.9,0.99165,-0.00529,-1.242,0.99167,1.55896,29.59,0.457,-1.183,28,0.1401,0.1562,9.7585,-0.00293,-0.00073,0.00433,0.0,0.0,12164,12027,11853,11871
33.27,0.99085,-0.00231,-2.048,0.99085,1.54099,29.59,1.0167,0.00061,-0.887,1.0167,1.62863,19.99,0.0,0.0,-1.179,0.0,0.0,199.9,0.99165,-0.00529,-1.249,0.99167,1.55896,29.59,0.411,-1.194,26,0.1293,0.0943,9.754,-0.0022,-0.00166,0.00513,0.0,0.0,12164,12027,11853,11871
33.52,0.98993,-0.00327,-1.964,0.98993,1.54099,28.83,1.0167,0.00061,-0.887,1.0167,1.62863,19.22,0.0,0.0,-1.185,0.0,0.0,201.0,0.99071,-0.0063,-1.259,0.99073,1.55896,28.83,0.454,-1.165,26,0.2155,0.0889,9.7414,-0.00546,-0.00226,-0.0014,0.0,0.0,12164,12027,11853,11871
33.771,0.98993,-0.00327,-1.964,0.98993,1.54099,28.83,1.0167,0.00061,-0.887,1.0167,1.62863,19.22,0.0,0.0,-1.179,0.0,0.0,201.0,0.99071,-0.0063,-1.263,0.99073,1.55896,28.83,0.386,-1.177,26,0.2191,-0.0198,9.7181,-0.00027,-0.0008,0.00153,0.0,0.0,12164,12027,11853,11871
34.02,0.98993,-0.00327,-1.964,0.98993,1.54099,28.83,1.0167,0.00061,-0.887,1.0167,1.62863,19.22,0.0,0.0,-1.175,0.0,0.0,201.0,0.99071,-0.0063,-1.262,0.99073,1.55896,28.83,0.367,-1.197,26,0.2146,0.0772,9.7405,-0.00366,-0.00087,0.00506,0.0,0.0,12164,12027,11853,11871
34.27,0.98993,-0.00327,-1.964,0.98993,1.54099,28.83,1.0167,0.00061,-0.887,1.0167,1.62863,19.22,0.0,0.0,-1.184,0.0,0.0,201.0,0.99071,-0.0063,-1.275,0.99073,1.55896,28.83,0.358,-1.188,55,0.2442,0.0566,9.7333,0.00093,-7e-05,0.00652,0.0,0.0,12164,12027,11853,11871
34.52,0.98993,-0.00327,-1.964,0.98993,1.54099,30.0,1.0167,0.00061,-0.887,1.0167,1.62863,20.0,0.0,0.0,-1.189,0.0,0.0,199.98,0.99071,-0.0063,-1.285,0.99073,1.55896,30.0,0.363,-1.174,55,0.1652,0.0269,9.736,-0.00453,0.0004,0.00246,0.0,0.0,12164,12027,11853,11871
34.77,0.98993,-0.00327,-1.964,0.98993,1.54099,30.0,1.0167,0.00061,-0.887,1.0167,1.62863,20.0,0.0,0.0,-1.194,0.0,0.0,199.98,0.99071,-0.0063,-1.292,0.99073,1.55896,30.0,0.378,-1.158,55,0.2595,0.0997,9.7432,-0.00273,-0.0034,-0.00146,0.0,0.0,12164,12027,11853,11871
35.021,0.98993,-0.00327,-1.964,0.98993,1.54099,30.0,1.0167,0.00061,-0.887,1.0167,1.62863,20.0,0.0,0.0,-1.197,0.0,0.0,199.98,0.99071,-0.0063,-1.303,0.99073,1.55896,30.0,1.193,0.465,55,0.2227,0.0817,9.7899,-0.0016,0.0034,0.00186,0.0,0.0,12164,12027,11853,11871
35.27,0.97688,-0.00427,-1.869,0.97689,1.55527,30.0,1.0018,0.00086,-0.976,1.0018,1.64791,20.0,0.0,0.0,-1.268,0.0,0.0,199.98,0.97721,-0.00747,-1.362,0.97724,1.57374,30.0,0.566,-2.074,48,0.2092,-0.0341,9.5906,-0.00819,-0.0271,-0.00566,-0.122,-0.0126,12049,11916,11737,11758
35.521,0.94208,-0.00053,-2.064,0.94208,1.59031,28.99,0.96454,0.0015,-0.995,0.96454,1.68518,19.99,0.0,0.0,-1.308,0.0,0.0,200.9,0.94101,-0.00393,-1.421,0.94101,1.61016,28.99,0.432,-1.916,48,0.1975,0.1212,9.6193,0.00599,-0.02643,0.00366,-0.1712,0.0,11836,11704,11523,11543
35.77,0.90509,0.00333,-2.273,0.9051,1.62799,28.99,0.92035,0.00236,-1.208,0.92035,1.72938,19.99,0.0,0.0,-1.337,0.0,0.0,200.9,0.90246,-0.00034,-1.468,0.90246,1.64938,28.99,0.274,-1.494,48,0.2236,0.1598,9.6283,0.02244,-0.03262,0.00439,-0.1883,0.0,11568,11436,11249,11268
36.02,0.85956,0.00732,-2.465,0.85959,1.67482,28.99,0.87328,0.00343,-1.448,0.87329,1.77646,19.99,0.0,0.0,-1.486,0.0,0.0,200.9,0.85499,0.0032,-1.596,0.855,1.69816,28.99,0.377,-1.24,48,-0.0925,-0.2182,9.2099,0.03928,0.02736,-0.02004,-0.1904,0.0126,11308,11177,10987,11003
36.27,0.81966,0.01032,-2.582,0.81973,1.71506,28.99,0.82696,0.00455,-1.376,0.82698,1.82279,19.99,0.0,0.0,-1.564,0.0,0.0,200.9,0.81342,0.0057,-1.673,0.81344,1.74005,28.99,0.381,-1.092,62,0.0655,-0.2882,9.9066,0.00999,0.0024,0.00506,-0.1819,0.0126,11091,10963,10770,10787
36.52,0.77355,0.01373,-2.7,0.77368,1.76154,28.99,0.79903,0.00522,-1.368,0.79905,1.85073,19.99,0.0,0.0,-1.662,0.0,0.0,200.9,0.76543,0.00848,-1.799,0.76548,1.78838,28.99,0.615,-1.036,62,0.3151,0.0664,9.7504,-0.00619,0.00479,0.00799,-0.1926,0.0252,10872,10745,10551,10568
36.771,0.73334,0.01826,-2.908,0.73357,1.80281,29.6,0.73333,0.00668,-1.328,0.73336,1.91645,20.0,0.0,0.0,-1.763,0.0,0.0,199.98,0.7234,0.01252,-1.902,0.72351,1.83144,29.6,0.431,-1.24,62,0.2334,-0.1535,10.009,0.00959,-0.00519,-0.01325,-0.1862,-0.0126,10480,10352,10155,10168
37.02,0.68633,0.02189,-3.03,0.68668,1.85015,29.6,0.68555,0.00785,-1.493,0.6856,1.96424,20.0,0.0,0.0,-1.846,0.0,0.0,199.98,0.67423,0.01543,-1.999,0.6744,1.8809,29.6,0.463,-1.546,62,0.3502,0.149,9.7127,0.00306,0.0277,0.0016,-0.1926,-0.0252,10214,10087,9886,9898
37.271,0.64356,0.02476,-3.086,0.64404,1.89312,29.6,0.6365,0.00917,-1.509,0.63657,2.0133,20.0,0.0,0.0,-1.945,0.0,0.0,199.98,0.62951,0.01763,-2.071,0.62976,1.92578,29.6,0.566,-1.616,98,0.8036,0.3582,9.8761,-0.02537,0.02204,-0.02084,-0.1947,0.0126,9915,9788,9584,9594
37.521,0.59401,0.02918,-3.263,0.59473,1.94304,29.6,0.58641,0.01057,-1.65,0.5865,2.06342,20.0,0.0,0.0,-2.084,0.0,0.0,199.98,0.57759,0.02138,-2.249,0.57799,1.97802,29.6,0.356,-1.172,98,0.0754,0.1015,9.5089,0.0008,-0.01139,0.0018,-0.199,-0.0126,9635,9510,9300,9308
37.771,0.55217,0.03404,-3.37,0.55322,1.98608,27.0,0.54665,0.01168,-1.56,0.54677,2.1032,19.0,0.0,0.0,-2.066,0.0,0.0,199.0,0.53374,0.02563,-2.222,0.53436,2.02303,27.0,0.562,-1.104,98,-0.0691,0.3331,9.3527,-0.01092,0.0012,-0.02031,-0.2012,0.0,9403,9280,9069,9080
38.02,0.50431,0.03622,-3.426,0.50561,2.03424,27.0,0.48486,0.01329,-1.561,0.48504,2.165,19.0,0.0,0.0,-2.134,0.0,0.0,199.0,0.48362,0.02696,-2.318,0.48437,2.07344,27.0,0.311,-1.233,98,0.0772,0.1715,9.9111,-0.01711,0.00633,-0.00073,-0.1947,-0.0126,9064,8940,8729,8737
38.271,0.46211,0.04008,-3.516,0.46385,2.0767,27.0,0.43917,0.01463,-1.82,0.43942,2.21071,19.0,0.0,0.0,-2.21,0.0,0.0,199.0,0.43937,0.03017,-2.399,0.4404,2.11791,27.0,0.217,-1.252,177,0.1401,0.07,9.9641,-0.00659,0.00832,0.00493,-0.1904,-0.0126,8772,8649,8436,8440
38.52,0.41287,0.04363,-3.593,0.41517,2.12609,27.0,0.39047,0.01628,-2.015,0.39081,2.25944,19.0,0.0,0.0,-2.269,0.0,0.0,199.0,0.3877,0.0329,-2.468,0.38909,2.16967,27.0,0.109,-1.13,177,0.035,0.2774,9.7208,0.00672,-0.03502,0.00186,-0.2097,-0.0252,8494,8372,8152,8156
38.77,0.36836,0.04649,-3.687,0.37128,2.17076,27.0,0.33925,0.01814,-2.121,0.33973,2.3107,19.0,0.0,0.0,-2.374,0.0,0.0,199.0,0.34099,0.03503,-2.568,0.34278,2.21649,27.0,0.225,-1.196,177,0.2972,0.3044,10.2729,-0.02031,0.03422,-0.00353,-0.2055,0.0,8184,8062,7839,7840
39.02,0.3182,0.05031,-3.732,0.32215,2.2212,28.81,0.28765,0.02012,-2.231,0.28835,2.36233,20.81,0.0,0.0,-2.469,0.0,0.0,200.1,0.28834,0.03802,-2.671,0.29084,2.26937,28.81,0.306,-1.061,177,0.3609,-0.0952,9.9632,-0.00206,0.01192,-0.00093,-0.2012,0.0,7900,7782,7557,7560
39.27,0.27602,0.05712,-3.93,0.28187,2.26406,28.81,0.23814,0.02209,-2.29,0.23916,2.41188,20.81,0.0,0.0,-2.559,0.0,0.0,200.1,0.24401,0.04435,-2.781,0.24801,2.31429,28.81,0.299,-1.162,120,0.1742,0.1383,9.1659,0.00479,-0.04248,0.01072,-0.1969,-0.0252,7668,7551,7324,7328
39.52,0.24249,0.06003,-3.975,0.24981,2.29859,28.81,0.21008,0.02323,-2.333,0.21136,2.43997,20.81,0.0,0.0,-2.592,0.0,0.0,200.1,0.2088,0.04671,-2.818,0.21397,2.35049,28.81,0.507,1.79,120,0.3609,0.1104,9.4487,-0.00686,-0.03222,-0.00346,-0.107,-0.0252,7452,7333,7109,7106
39.771,0.24249,0.06003,-3.975,0.24981,2.29859,28.81,0.1971,0.02379,-2.492,0.19854,2.4529,20.81,0.0,0.0,-2.6,0.0,0.0,200.1,0.2088,0.04671,-2.832,0.21397,2.35049,28.81,0.528,-0.308,120,0.3026,0.0952,9.7971,-0.00366,0.00752,-0.00273,0.0,0.0,7434,7316,7091,7087
40.02,0.24249,0.06003,-3.975,0.24981,2.29859,29.99,0.1971,0.02379,-2.492,0.19854,2.4529,19.99,0.0,0.0,-2.592,0.0,0.0,200.91,0.2088,0.04671,-2.838,0.21397,2.35049,29.99,0.517,-0.899,120,0.2469,0.0664,9.7486,-0.0036,-0.0028,0.002,0.0,0.0,7434,7316,7091,7087
40.27,0.24249,0.06003,-3.975,0.24981,2.29859,29.99,0.1971,0.02379,-2.492,0.19854,2.4529,19.99,0.0,0.0,-2.585,0.0,0.0,200.91,0.2088,0.04671,-2.841,0.21397,2.35049,29.99,0.506,-1.169,181,0.2164,0.053,9.7405,-0.00739,-0.00419,0.00213,0.0,0.0,7434,7316,7091,7087
40.521,0.23326,0.06077,-4.005,0.24104,2.30466,29.99,0.18747,0.02422,-2.599,0.18903,2.46259,19.99,0.0,0.0,-2.648,0.0,0.0,200.91,0.19909,0.04731,-2.909,0.20463,2.35686,29.99,0.416,-3.005,181,0.5782,0.0467,9.8949,-0.00286,0.01565,0.00732,-0.107,0.0,7363,7244,7018,7017
40.77,0.20261,0.06308,-4.04,0.21221,2.33858,29.99,0.16009,0.02552,-2.8,0.16212,2.49,19.99,0.0,0.0,-2.721,0.0,0.0,200.91,0.16684,0.04913,-2.978,0.17393,2.39252,29.99,0.329,-2.43,181,0.3115,-0.167,9.2404,0.03595,0.03862,0.00406,-0.1648,-0.0126,7199,7081,6852,6851
41.02,0.15946,0.06706,-4.118,0.17298,2.38194,29.99,0.10732,0.02823,-3.037,0.11097,2.54284,19.99,0.0,0.0,-2.754,0.0,0.0,200.91,0.12134,0.05246,-3.029,0.1322,2.43817,29.99,0.57,-1.632,181,0.3807,0.2945,9.7899,0.00173,0.03103,-0.01059,-0.1819,-0.0126,6896,6780,6544,6542
41.27,0.13759,0.06829,-4.159,0.15361,2.40078,29.6,0.08538,0.02941,-3.108,0.0903,2.5643,20.0,0.0,0.0,-2.816,0.0,0.0,199.23,0.0983,0.05334,-3.1,0.11184,2.46084,29.6,0.523,0.64,152,0.316,0.079,9.6274,0.00067,0.00712,-0.00193,-0.0021,0.0126,6785,6668,6432,6428
41.52,0.13773,0.06804,-4.147,0.15362,2.40078,29.6,0.08532,0.02941,-3.089,0.09025,2.5643,20.0,0.0,0.0,-2.809,0.0,0.0,199.23,0.09845,0.05308,-3.103,0.11185,2.46084,29.6,0.489,-0.538,152,0.2541,0.0763,9.6741,-0.00406,0.00067,0.00473,0.0,0.0,6785,6668,6432,6428
41.771,0.13783,0.06814,-4.151,0.15375,2.40078,29.6,0.08532,0.02941,-3.089,0.09025,2.5643,20.0,0.0,0.0,-2.814,0.0,0.0,199.23,0.09855,0.05318,-3.116,0.11198,2.46084,29.6,0.497,-0.954,152,0.2406,0.0772,9.7288,-7e-05,-0.00326,0.0026,0.0,0.0,6785,6668,6432,6428
42.02,0.137,0.06857,-4.194,0.1532,2.40078,29.6,0.08367,0.0295,-3.129,0.08871,2.5643,20.0,0.0,0.0,-2.87,0.0,0.0,199.23,0.09767,0.05362,-3.177,0.11142,2.46084,29.6,0.363,-3.033,152,0.8826,0.2182,9.7109,-0.00087,-0.09787,-0.00499,-0.0599,-0.0252,6765,6650,6410,6408
42.27,0.11157,0.07045,-4.198,0.13196,2.43003,29.6,0.05425,0.03117,-3.291,0.06257,2.596,20.0,0.0,0.0,-2.912,0.0,0.0,199.23,0.07092,0.05513,-3.213,0.08983,2.4887,29.6,0.459,-2.527,137,0.2101,-0.053,9.921,-0.00932,0.00852,-0.01744,-0.1498,0.0,6629,6514,6272,6270
42.52,0.08463,0.07205,-4.242,0.11114,2.45507,30.41,0.03344,0.03237,-3.31,0.04654,2.61684,18.4,0.0,0.0,-2.961,0.0,0.0,200.84,0.04256,0.05633,-3.287,0.0706,2.51505,30.41,0.531,0.524,137,0.545,0.0036,9.7567,-0.00886,0.01838,0.01052,-0.0792,0.0126,6470,6356,6113,6110
42.77,0.08451,0.07222,-4.235,0.11116,2.45507,30.41,0.0238,0.0329,-3.149,0.04061,2.62646,18.4,0.0,0.0,-2.952,0.0,0.0,200.84,0.04242,0.05651,-3.28,0.07066,2.51505,30.41,0.527,-0.548,137,0.1266,0.1086,9.7082,-0.00446,-0.00027,0.00573,0.0,0.0,6450,6334,6092,6092
43.02,0.08443,0.07196,-4.231,0.11094,2.45507,30.41,0.0238,0.0329,-3.149,0.04061,2.62646,18.4,0.0,0.0,-2.959,0.0,0.0,200.84,0.04235,0.05624,-3.296,0.0704,2.51505,30.41,0.535,-0.869,137,0.1903,0.1077,9.7369,-0.00586,-0.00146,0.00087,0.0,0.0,6450,6334,6092,6092
43.27,0.07179,0.07377,-4.277,0.10293,2.46651,30.41,0.00792,0.03377,-3.149,0.03469,2.63767,18.4,0.0,0.0,-2.994,0.0,0.0,200.84,0.02902,0.05792,-3.346,0.06478,2.52708,30.41,0.494,-1.003,124,-2.2562,0.0952,8.5778,-0.01505,0.03509,0.00606,-0.0984,0.0,6333,6221,5976,5976
43.52,0.06269,0.07467,-4.305,0.09749,2.4798,30.0,0.00104,0.03415,-3.113,0.03417,2.64698,22.0,0.0,0.0,-3.009,0.0,0.0,200.99,0.01944,0.05871,-3.361,0.06185,2.54028,30.0,0.493,-0.562,124,0.3663,0.097,9.8007,-0.00206,0.00539,0.00446,0.0,0.0,6305,6192,5947,5947
43.771,0.06251,0.07427,-4.293,0.09708,2.4798,30.0,0.00104,0.03415,-3.113,0.03417,2.64698,22.0,0.0,0.0,-3.016,0.0,0.0,200.99,0.01926,0.0583,-3.376,0.0614,2.54028,30.0,0.469,-0.857,124,0.1571,0.1158,9.719,-0.00293,-0.00313,-0.00473,0.0,0.0,6305,6192,5947,5947
44.02,0.0621,0.07383,-4.287,0.09648,2.4798,30.0,0.00104,0.03415,-3.113,0.03417,2.64698,22.0,0.0,0.0,-3.006,0.0,0.0,200.99,0.01883,0.05783,-3.373,0.06082,2.54028,30.0,0.48,-1.074,124,0.1401,0.044,9.6804,0.00087,-0.00366,0.0004,0.0,0.0,6305,6192,5947,5947
44.27,0.06182,0.0736,-4.279,0.09612,2.4798,30.0,0.00104,0.03415,-3.113,0.03417,2.64698,22.0,0.0,0.0,-3.014,0.0,0.0,200.99,0.01854,0.05758,-3.386,0.06049,2.54028,30.0,0.477,-1.054,115,0.2307,0.0979,9.7342,-0.00486,0.00033,-0.00266,0.0,0.0,6305,6192,5947,5947
44.52,0.06199,0.07403,-4.295,0.09656,2.4798,30.0,0.00104,0.03415,-3.113,0.03417,2.64698,22.0,0.0,0.0,-3.004,0.0,0.0,200.99,0.01872,0.05803,-3.384,0.06098,2.54028,30.0,0.514,-1.107,115,0.1733,0.0907,9.7674,-0.00519,-0.00067,0.00213,0.0,0.0,6305,6192,5947,5947
44.77,0.06188,0.07394,-4.292,0.09642,2.4798,29.6,0.00104,0.03415,-3.113,0.03417,2.64698,20.0,0.0,0.0,-2.997,0.0,0.0,199.97,0.0186,0.05793,-3.387,0.06085,2.54028,29.6,0.484,-1.108,115,0.1957,0.0027,9.7692,-0.00566,-0.0028,0.00353,0.0,0.0,6305,6192,5947,5947
45.02,0.0623,0.07424,-4.305,0.09691,2.4798,29.6,0.00104,0.03415,-3.113,0.03417,2.64698,20.0,0.0,0.0,-3.003,0.0,0.0,199.97,0.01904,0.05825,-3.396,0.06128,2.54028,29.6,0.503,-1.091,115,0.1787,0.0889,9.7648,-0.00326,0.0024,0.00413,0.0,0.0,6305,6192,5947,5947
45.271,0.062,0.07401,-4.291,0.09655,2.4798,29.6,0.00104,0.03415,-3.113,0.03417,2.64698,20.0,0.0,0.0,-3.015,0.0,0.0,199.97,0.01873,0.05801,-3.413,0.06096,2.54028,29.6,0.501,-1.111,113,0.2245,0.0233,9.7387,-0.0032,0.003,0.00293,0.0,0.0,6305,6192,5947,5947
45.52,0.06244,0.07417,-4.302,0.09696,2.4798,29.6,0.00104,0.03415,-3.113,0.03417,2.64698,20.0,0.0,0.0,-3.005,0.0,0.0,199.97,0.01919,0.05819,-3.414,0.06127,2.54028,29.6,0.51,-1.05,113,0.1562,0.1616,9.7468,-0.0026,0.00173,0.00606,0.0,0.0,6305,6192,5947,5947
45.77,0.06324,0.0754,-4.347,0.09841,2.4798,30.0,0.00104,0.03415,-3.113,0.03417,2.64698,20.0,0.0,0.0,-3.013,0.0,0.0,200.99,0.02,0.05948,-3.423,0.06276,2.54028,30.0,0.438,-1.122,113,0.1787,0.1212,9.7208,7e-05,0.0012,-0.00067,0.0,0.0,6305,6192,5947,5947
46.02,0.06338,0.07625,-4.384,0.09915,2.4798,30.0,0.00104,0.03415,-3.113,0.03417,2.64698,20.0,0.0,0.0,-3.024,0.0,0.0,200.99,0.02014,0.06037,-3.442,0.06364,2.54028,30.0,0.515,-1.124,113,0.1715,0.0691,9.7441,-0.00746,-0.002,-0.00393,0.0,0.0,6305,6192,5947,5947
46.27,0.06377,0.07659,-4.4,0.09967,2.4798,30.0,0.00104,0.03415,-3.113,0.03417,2.64698,20.0,0.0,0.0,-3.021,0.0,0.0,200.99,0.02054,0.06074,-3.45,0.06412,2.54028,30.0,0.478,-1.085,105,0.1832,0.0359,9.745,-0.00533,-0.00013,0.00686,0.0,0.0,6305,6192,5947,5947
46.52,0.0632,0.07611,-4.377,0.09893,2.4798,30.0,0.00104,0.03415,-3.113,0.03417,2.64698,20.0,0.0,0.0,-3.02,0.0,0.0,200.99,0.01995,0.06023,-3.454,0.06345,2.54028,30.0,0.478,-1.094,105,0.1876,0.0673,9.736,-0.00413,-0.00133,-0.0008,0.0,0.0,6305,6192,5947,5947
46.77,0.0636,0.0766,-4.39,0.09956,2.4798,30.0,0.00104,0.03415,-3.113,0.03417,2.64698,20.0,0.0,0.0,-3.034,0.0,0.0,200.99,0.02036,0.06075,-3.468,0.06407,2.54028,30.0,0.47,-1.103,105,0.193,0.0709,9.7917,-0.002,-0.00073,-0.00093,0.0,0.0,6305,6192,5947,5947
47.02,0.06352,0.07656,-4.395,0.09948,2.4798,30.41,0.00104,0.03415,-3.113,0.03417,2.64698,20.0,0.0,0.0,-3.044,0.0,0.0,200.04,0.02028,0.0607,-3.491,0.064,2.54028,30.41,0.468,-1.124,105,0.2182,0.0422,9.6857,-0.00633,-0.0018,0.001,0.0,0.0,6305,6192,5947,5947
47.271,0.06378,0.07696,-4.406,0.09996,2.4798,30.41,0.00104,0.03415,-3.113,0.03417,2.64698,20.0,0.0,0.0,-3.047,0.0,0.0,200.04,0.02054,0.06113,-3.499,0.06449,2.54028,30.41,0.487,-1.113,191,0.1787,0.1113,9.7288,-0.00047,-0.0004,0.002,0.0,0.0,6305,6192,5947,5947
47.52,0.06378,0.07696,-4.406,0.09996,2.4798,30.41,0.00104,0.03415,-3.113,0.03417,2.64698,20.0,0.0,0.0,-3.048,0.0,0.0,200.04,0.02054,0.06113,-3.51,0.06449,2.54028,30.41,0.501,-1.093,191,0.1993,0.0907,9.7324,-0.00792,-0.00326,0.00419,0.0,0.0,6305,6192,5947,5947
47.771,0.06378,0.07696,-4.406,0.09996,2.4798,30.41,0.00104,0.03415,-3.113,0.03417,2.64698,20.0,0.0,0.0,-3.042,0.0,0.0,200.04,0.02054,0.06113,-3.511,0.06449,2.54028,30.41,0.521,-1.088,191,0.1841,0.1257,9.71,-0.00206,-0.00033,0.0012,0.0,0.0,6305,6192,5947,5947
48.02,0.06378,0.07696,-4.406,0.09996,2.4798,30.0,0.00104,0.03415,-3.113,0.03417,2.64698,20.0,0.0,0.0,-3.052,0.0,0.0,200.99,0.02054,0.06113,-3.526,0.06449,2.54028,30.0,0.477,-1.085,191,0.1894,0.0655,9.7935,-0.00293,-0.00073,-0.00193,0.0,0.0,6305,6192,5947,5947
48.27,0.06378,0.07696,-4.406,0.09996,2.4798,30.0,0.00104,0.03415,-3.113,0.03417,2.64698,20.0,0.0,0.0,-3.061,0.0,0.0,200.99,0.02054,0.06113,-3.539,0.06449,2.54028,30.0,0.446,-1.093,166,0.1284,0.1086,9.7486,-0.0022,-0.001,-0.00087,0.0,0.0,6305,6192,5947,5947
48.52,0.06378,0.07696,-4.406,0.09996,2.4798,30.0,0.00104,0.03415,-3.113,0.03417,2.64698,20.0,0.0,0.0,-3.058,0.0,0.0,200.99,0.02054,0.06113,-3.548,0.06449,2.54028,30.0,0.489,-1.095,166,0.1975,0.1158,9.7297,-0.00233,0.003,-0.00067,0.0,0.0,6305,6192,5947,5947
48.771,0.06378,0.07696,-4.406,0.09996,2.4798,30.0,0.00104,0.03415,-3.113,0.03417,2.64698,20.0,0.0,0.0,-3.067,0.0,0.0,200.99,0.02054,0.06113,-3.559,0.06449,2.54028,30.0,0.48,-1.142,166,0.1787,0.1275,9.8096,-0.0012,0.00033,0.0028,0.0,0.0,6305,6192,5947,5947
49.02,0.06378,0.07696,-4.406,0.09996,2.4798,27.0,0.00104,0.03415,-3.113,0.03417,2.64698,20.0,0.0,0.0,-3.072,0.0,0.0,199.97,0.02054,0.06113,-3.568,0.06449,2.54028,27.0,0.491,-1.13,166,0.1966,0.1598,9.771,-0.0012,0.00067,-0.00486,0.0,0.0,6305,6192,5947,5947
49.27,0.06378,0.07696,-4.406,0.09996,2.4798,27.0,0.00104,0.03415,-3.113,0.03417,2.64698,20.0,0.0,0.0,-3.07,0.0,0.0,199.97,0.02054,0.06113,-3.582,0.06449,2.54028,27.0,0.469,-1.118,162,0.2505,0.0781,9.7639,-0.00446,-0.0028,0.00866,0.0,0.0,6305,6192,5947,5947
49.521,0.06379,0.07688,-4.405,0.0999,2.4798,27.0,0.00104,0.03415,-3.113,0.03417,2.64698,20.0,0.0,0.0,-3.055,0.0,0.0,199.97,0.02055,0.06104,-3.566,0.06441,2.54028,27.0,0.461,-1.101,162,0.2191,0.0718,9.7297,-0.00513,0.0008,0.00546,0.0,0.0,6305,6192,5947,5947
49.77,0.06381,0.07678,-4.4,0.09983,2.4798,27.0,0.00104,0.03415,-3.113,0.03417,2.64698,20.0,0.0,0.0,-3.051,0.0,0.0,199.97,0.02057,0.06094,-3.57,0.06432,2.54028,27.0,0.532,-1.15,162,0.185,0.114,9.7728,-0.00473,-0.0034,0.0032,0.0,0.0,6305,6192,5947,5947
50.02,0.06381,0.07678,-4.4,0.09983,2.4798,27.0,0.00104,0.03415,-3.113,0.03417,2.64698,20.0,0.0,0.0,-3.039,0.0,0.0,198.99,0.02057,0.06094,-3.564,0.06432,2.54028,27.0,0.481,-1.141,162,0.1607,0.0548,9.7181,-0.00992,-0.0026,0.0018,0.0,0.0,6305,6192,5947,5947
50.271,0.06381,0.07678,-4.4,0.09983,2.4798,27.0,0.00104,0.03415,-3.113,0.03417,2.64698,20.0,0.0,0.0,-3.048,0.0,0.0,198.99,0.02057,0.06094,-3.576,0.06432,2.54028,27.0,0.537,-1.111,159,0.2101,0.1122,9.727,-0.00233,-0.00173,0.0002,0.0,0.0,6305,6192,5947,5947
50.52,0.06381,0.07678,-4.4,0.09983,2.4798,27.0,0.00104,0.03415,-3.113,0.03417,2.64698,20.0,0.0,0.0,-3.036,0.0,0.0,198.99,0.02057,0.06094,-3.568,0.06432,2.54028,27.0,0.467,-1.091,159,0.2038,0.079,9.7252,-0.00233,-0.00193,0.00473,0.0,0.0,6305,6192,5947,5947
50.77,0.06385,0.07672,-4.399,0.09982,2.4798,27.0,0.00104,0.03415,-3.113,0.03417,2.64698,20.0,0.0,0.0,-3.03,0.0,0.0,198.99,0.02062,0.06088,-3.571,0.06428,2.54028,27.0,0.484,-1.102,159,0.1903,0.0709,9.7881,0.0028,0.00253,-0.00166,0.0,0.0,6305,6192,5947,5947
51.02,0.06376,0.07647,-4.394,0.09957,2.4798,27.0,0.00104,0.03415,-3.113,0.03417,2.64698,20.0,0.0,0.0,-3.036,0.0,0.0,198.99,0.02053,0.06062,-3.581,0.064,2.54028,27.0,0.464,-1.105,159,0.1975,0.0512,9.7486,-0.00406,0.0002,-0.0004,0.0,0.0,6305,6192,5947,5947
51.271,0.06385,0.07646,-4.396,0.09962,2.4798,29.59,0.00104,0.03415,-3.113,0.03417,2.64698,19.19,0.0,0.0,-3.047,0.0,0.0,200.73,0.02063,0.06061,-3.598,0.06402,2.54028,29.59,0.452,-1.108,155,0.1823,0.1445,9.7261,-0.00193,0.0012,-0.00166,0.0,0.0,6305,6192,5947,5947
51.52,0.06391,0.07643,-4.393,0.09963,2.4798,29.59,0.00104,0.03415,-3.113,0.03417,2.64698,19.19,0.0,0.0,-3.063,0.0,0.0,200.73,0.02068,0.06057,-3.621,0.06401,2.54028,29.59,0.51,-1.118,155,0.1535,0.0934,9.7522,-0.00306,0.00306,0.003,0.0,0.0,6305,6192,5947,5947
51.77,0.06405,0.07647,-4.399,0.09975,2.4798,29.59,0.00104,0.03415,-3.113,0.03417,2.64698,19.19,0.0,0.0,-3.047,0.0,0.0,200.73,0.02083,0.06062,-3.609,0.0641,2.54028,29.59,0.467,-1.162,155,0.2155,0.0539,9.7405,-0.00393,-0.00127,0.00326,0.0,0.0,6305,6192,5947,5947
52.02,0.06416,0.07648,-4.398,0.09983,2.4798,29.59,0.00104,0.03415,-3.113,0.03417,2.64698,19.19,0.0,0.0,-3.049,0.0,0.0,200.73,0.02095,0.06063,-3.617,0.06415,2.54028,29.59,0.503,-1.131,155,0.1607,0.1032,9.7863,-0.00613,-7e-05,0.00127,0.0,0.0,6305,6192,5947,5947
52.27,0.06419,0.07646,-4.397,0.09983,2.4798,29.59,0.00104,0.03415,-3.113,0.03417,2.64698,19.19,0.0,0.0,-3.053,0.0,0.0,200.73,0.02097,0.06061,-3.627,0.06414,2.54028,29.59,0.437,-1.138,150,0.1661,0.0611,9.7656,0.0008,-0.00073,0.00073,0.0,0.0,6305,6192,5947,5947
52.52,0.0643,0.07668,-4.409,0.10007,2.4798,30.42,0.00104,0.03415,-3.113,0.03417,2.64698,20.81,0.0,0.0,-3.04,0.0,0.0,200.1,0.02109,0.06084,-3.621,0.06439,2.54028,30.42,0.463,-1.132,150,0.1454,0.1104,9.7145,-0.00373,-0.00107,-0.00293,0.0,0.0,6305,6192,5947,5947
52.771,0.06435,0.0767,-4.409,0.10012,2.4798,30.42,0.00104,0.03415,-3.113,0.03417,2.64698,20.81,0.0,0.0,-3.042,0.0,0.0,200.1,0.02114,0.06086,-3.632,0.06443,2.54028,30.42,0.519,-1.115,150,0.2146,0.1095,9.7172,-0.0008,-0.00186,0.00293,0.0,0.0,6305,6192,5947,5947
53.023,0.06433,0.07684,-4.417,0.10022,2.4798,30.42,0.00104,0.03415,-3.113,0.03417,2.64698,20.81,0.0,0.0,-3.048,0.0,0.0,200.1,0.02112,0.06101,-3.638,0.06456,2.54028,30.42,0.497,-1.137,150,0.2128,0.0287,9.6839,-0.00166,0.00133,0.002,0.0,0.0,6305,6192,5947,5947
53.27,0.06433,0.07688,-4.422,0.10025,2.4798,30.42,0.00104,0.03415,-3.113,0.03417,2.64698,20.81,0.0,0.0,-3.062,0.0,0.0,200.1,0.02112,0.06105,-3.653,0.0646,2.54028,30.42,0.512,-1.133,145,0.2146,0.0943,9.6911,-0.0006,-0.00093,-0.00246,0.0,0.0,6305,6192,5947,5947
53.52,0.06434,0.07681,-4.418,0.1002,2.4798,25.0,0.00104,0.03415,-3.113,0.03417,2.64698,20.0,0.0,0.0,-3.057,0.0,0.0,197.99,0.02113,0.06098,-3.656,0.06453,2.54028,25.0,0.509,-1.086,145,0.1419,0.1616,9.7567,-0.00433,0.0,0.00027,0.0,0.0,6305,6192,5947,5947
53.77,0.06438,0.0767,-4.416,0.10014,2.4798,25.0,0.00104,0.03415,-3.113,0.03417,2.64698,20.0,0.0,0.0,-3.051,0.0,0.0,197.99,0.02117,0.06087,-3.655,0.06444,2.54028,25.0,0.483,-1.098,145,0.202,0.0889,9.7369,-0.00206,-0.00306,0.00033,0.0,0.0,6305,6192,5947,5947
54.02,0.06436,0.07666,-4.414,0.10009,2.4798,25.0,0.00104,0.03415,-3.113,0.03417,2.64698,20.0,0.0,0.0,-3.059,0.0,0.0,197.99,0.02115,0.06082,-3.67,0.06439,2.54028,25.0,0.533,-1.132,145,0.1867,0.1365,9.7396,-0.0002,0.00073,0.00186,0.0,0.0,6305,6192,5947,5947
54.27,0.06454,0.07682,-4.422,0.10033,2.4798,25.0,0.00104,0.03415,-3.113,0.03417,2.64698,20.0,0.0,0.0,-3.053,0.0,0.0,197.99,0.02134,0.06099,-3.669,0.06461,2.54028,25.0,0.513,-1.06,141,0.1957,0.0709,9.7001,-0.00393,0.00087,-0.0014,0.0,0.0,6305,6192,5947,5947
54.52,0.06457,0.0768,-4.419,0.10033,2.4798,25.0,0.00104,0.03415,-3.113,0.03417,2.64698,20.0,0.0,0.0,-3.067,0.0,0.0,197.99,0.02137,0.06097,-3.688,0.0646,2.54028,25.0,0.446,-1.095,141,0.1481,0.0664,9.6866,0.0,-0.00053,-0.00399,0.0,0.0,6305,6192,5947,5947
54.77,0.06457,0.0769,-4.423,0.10041,2.4798,29.59,0.00104,0.03415,-3.113,0.03417,2.64698,19.99,0.0,0.0,-3.059,0.0,0.0,200.75,0.02136,0.06107,-3.685,0.0647,2.54028,29.59,0.454,-1.162,141,0.1616,0.0979,9.7962,-0.00093,-0.00127,0.0018,0.0,0.0,6305,6192,5947,5947
55.02,0.06456,0.07708,-4.432,0.10054,2.4798,29.59,0.00104,0.03415,-3.113,0.03417,2.64698,19.99,0.0,0.0,-3.054,0.0,0.0,200.75,0.02135,0.06126,-3.687,0.06487,2.54028,29.59,0.461,-1.123,141,0.176,0.0682,9.7549,-0.00386,-7e-05,-0.00093,0.0,0.0,6305,6192,5947,5947
55.27,0.0646,0.07718,-4.436,0.10064,2.4798,29.59,0.00104,0.03415,-3.113,0.03417,2.64698,19.99,0.0,0.0,-3.061,0.0,0.0,200.75,0.02139,0.06136,-3.7,0.06498,2.54028,29.59,0.487,-1.113,133,0.2218,0.0548,9.7261,-0.00732,0.0002,7e-05,0.0,0.0,6305,6192,5947,5947
55.52,0.06463,0.07725,-4.439,0.10072,2.4798,29.59,0.00104,0.03415,-3.113,0.03417,2.64698,19.99,0.0,0.0,-3.065,0.0,0.0,200.75,0.02142,0.06144,-3.708,0.06507,2.54028,29.59,0.501,-1.149,133,0.1876,0.0979,9.7145,-0.00193,0.00459,-0.00433,0.0,0.0,6305,6192,5947,5947
55.77,0.06451,0.0771,-4.435,0.10053,2.4798,29.59,0.00104,0.03415,-3.113,0.03417,2.64698,19.99,0.0,0.0,-3.057,0.0,0.0,200.75,0.0213,0.06128,-3.711,0.06488,2.54028,29.59,0.476,-1.162,133,0.2182,0.053,9.754,-0.00672,-0.0038,-0.0026,0.0,0.0,6305,6192,5947,5947
56.02,0.06468,0.07705,-4.435,0.1006,2.4798,30.41,0.00104,0.03415,-3.113,0.03417,2.64698,20.01,0.0,0.0,-3.046,0.0,0.0,200.07,0.02148,0.06123,-3.702,0.06489,2.54028,30.41,0.493,-1.137,133,0.1571,0.1392,9.6893,-0.00353,7e-05,-0.00067,0.0,0.0,6305,6192,5947,5947
56.271,0.06472,0.07712,-4.436,0.10068,2.4798,30.41,0.00104,0.03415,-3.113,0.03417,2.64698,20.01,0.0,0.0,-3.062,0.0,0.0,200.07,0.02152,0.06131,-3.721,0.06498,2.54028,30.41,0.494,-1.151,132,0.2011,0.1347,9.6983,-0.00613,0.0014,0.00413,0.0,0.0,6305,6192,5947,5947
56.52,0.06458,0.07705,-4.434,0.10054,2.4798,30.41,0.00104,0.03415,-3.113,0.03417,2.64698,20.01,0.0,0.0,-3.056,0.0,0.0,200.07,0.02137,0.06123,-3.722,0.06485,2.54028,30.41,0.473,-1.121,132,0.1454,0.1562,9.8285,-0.00087,-0.00073,0.00559,0.0,0.0,6305,6192,5947,5947
56.77,0.06456,0.07694,-4.427,0.10043,2.4798,30.41,0.00104,0.03415,-3.113,0.03417,2.64698,20.01,0.0,0.0,-3.065,0.0,0.0,200.07,0.02135,0.06111,-3.733,0.06473,2.54028,30.41,0.486,-1.098,132,0.1571,0.0916,9.7468,-0.00306,-0.00113,0.00153,0.0,0.0,6305,6192,5947,5947
57.02,0.06459,0.07671,-4.414,0.10029,2.4798,29.0,0.00104,0.03415,-3.113,0.03417,2.64698,20.0,0.0,0.0,-3.072,0.0,0.0,199.98,0.02139,0.06088,-3.748,0.06453,2.54028,29.0,0.512,-1.139,132,0.2361,0.1239,9.7252,-0.00433,-0.0036,0.00033,0.0,0.0,6305,6192,5947,5947
57.271,0.06463,0.07689,-4.423,0.10045,2.4798,29.0,0.00104,0.03415,-3.113,0.03417,2.64698,20.0,0.0,0.0,-3.08,0.0,0.0,199.98,0.02143,0.06107,-3.762,0.06472,2.54028,29.0,0.5,-1.185,129,0.2227,0.079,9.798,-0.00633,0.0014,-0.00013,0.0,0.0,6305,6192,5947,5947
57.52,0.06456,0.07668,-4.409,0.10023,2.4798,29.0,0.00104,0.03415,-3.113,0.03417,2.64698,20.0,0.0,0.0,-3.088,0.0,0.0,199.98,0.02136,0.06084,-3.773,0.06448,2.54028,29.0,0.506,-1.156,129,0.1948,0.1365,9.7899,-0.00599,-7e-05,0.00486,0.0,0.0,6305,6192,5947,5947
57.77,0.06463,0.07678,-4.417,0.10036,2.4798,29.0,0.00104,0.03415,-3.113,0.03417,2.64698,20.0,0.0,0.0,-3.094,0.0,0.0,199.98,0.02143,0.06095,-3.781,0.06461,2.54028,29.0,0.519,-1.07,129,0.1841,0.0171,9.7181,-0.00413,-0.00047,0.0012,0.0,0.0,6305,6192,5947,5947
58.02,0.06452,0.07661,-4.411,0.10016,2.4798,29.0,0.00104,0.03415,-3.113,0.03417,2.64698,20.0,0.0,0.0,-3.084,0.0,0.0,199.98,0.02132,0.06077,-3.778,0.0644,2.54028,29.0,0.477,-1.077,129,0.2074,0.0709,9.754,-0.00346,-0.00067,-0.00133,0.0,0.0,6305,6192,5947,5947
58.27,0.06456,0.07675,-4.417,0.10029,2.4798,27.99,0.00104,0.03415,-3.113,0.03417,2.64698,19.99,0.0,0.0,-3.094,0.0,0.0,200.74,0.02136,0.06092,-3.789,0.06455,2.54028,27.99,0.511,-1.074,125,0.1939,0.1015,9.7755,-0.00293,-0.00473,-0.00206,0.0,0.0,6305,6192,5947,5947
58.52,0.0646,0.07671,-4.417,0.10028,2.4798,27.99,0.00104,0.03415,-3.113,0.03417,2.64698,19.99,0.0,0.0,-3.099,0.0,0.0,200.74,0.0214,0.06087,-3.803,0.06452,2.54028,27.99,0.49,-1.078,125,0.2056,0.0772,9.7674,0.00133,0.00306,0.00027,0.0,0.0,6305,6192,5947,5947
58.77,0.06458,0.07697,-4.424,0.10047,2.4798,27.99,0.00104,0.03415,-3.113,0.03417,2.64698,19.99,0.0,0.0,-3.099,0.0,0.0,200.74,0.02138,0.06114,-3.806,0.06477,2.54028,27.99,0.494,-1.121,125,0.2011,0.0673,9.754,-0.00213,-0.00233,-0.00113,0.0,0.0,6305,6192,5947,5947
59.02,0.06446,0.07707,-4.425,0.10047,2.4798,27.99,0.00104,0.03415,-3.113,0.03417,2.64698,19.99,0.0,0.0,-3.095,0.0,0.0,200.74,0.02125,0.06125,-3.808,0.06483,2.54028,27.99,0.493,-1.12,125,0.1688,0.1086,9.7558,-0.00399,0.0002,0.00905,0.0,0.0,6305,6192,5947,5947
59.27,0.06443,0.07721,-4.433,0.10056,2.4798,27.99,0.00104,0.03415,-3.113,0.03417,2.64698,19.99,0.0,0.0,-3.107,0.0,0.0,200.74,0.02122,0.06139,-3.825,0.06496,2.54028,27.99,0.507,-1.076,124,0.1706,0.1104,9.7746,-0.00559,-0.0024,0.00053,0.0,0.0,6305,6192,5947,5947
59.52,0.06446,0.07729,-4.44,0.10064,2.4798,30.41,0.00104,0.03415,-3.113,0.03417,2.64698,20.01,0.0,0.0,-3.117,0.0,0.0,200.07,0.02125,0.06147,-3.835,0.06504,2.54028,30.41,0.468,-1.089,124,0.1428,0.0682,9.7692,-0.00273,0.00493,-0.00746,0.0,0.0,6305,6192,5947,5947
